date,capacity,price,product
12.02.2022,4,98,IronWolf
12.02.2022,6,162,IronWolf
12.02.2022,8,219,IronWolf
12.02.2022,10,269,IronWolf
12.02.2022,12,303,IronWolf
12.02.2022,16,480,IronWolf
12.02.2022,4,99,Red Plus
12.02.2022,6,163,Red Plus
12.02.2022,8,228,Red Plus
12.02.2022,10,289,Red Plus
12.02.2022,12,339,Red Plus
12.02.2022,14,389,Red Plus
13.02.2022,4,98,IronWolf
13.02.2022,6,166,IronWolf
13.02.2022,8,219,IronWolf
13.02.2022,10,269,IronWolf
13.02.2022,12,303,IronWolf
13.02.2022,16,480,IronWolf
13.02.2022,4,99,Red Plus
13.02.2022,6,163,Red Plus
13.02.2022,8,228,Red Plus
13.02.2022,10,289,Red Plus
13.02.2022,12,339,Red Plus
13.02.2022,14,389,Red Plus

14.02.2022,4,98,IronWolf
14.02.2022,6,165,IronWolf
14.02.2022,8,219,IronWolf
14.02.2022,10,269,IronWolf
14.02.2022,12,303,IronWolf
14.02.2022,16,480,IronWolf
14.02.2022,4,99,Red Plus
14.02.2022,6,163,Red Plus
14.02.2022,8,228,Red Plus
14.02.2022,10,289,Red Plus
14.02.2022,12,339,Red Plus
14.02.2022,14,389,Red Plus
15.02.2022,4,98,IronWolf
15.02.2022,6,165,IronWolf
15.02.2022,8,219,IronWolf
15.02.2022,10,269,IronWolf
15.02.2022,12,323,IronWolf
15.02.2022,16,480,IronWolf
15.02.2022,4,99,Red Plus
15.02.2022,6,163,Red Plus
15.02.2022,8,228,Red Plus
15.02.2022,10,289,Red Plus
15.02.2022,12,339,Red Plus
15.02.2022,14,389,Red Plus
16.02.2022,4,98,IronWolf
16.02.2022,6,165,IronWolf
16.02.2022,8,219,IronWolf
16.02.2022,10,269,IronWolf
16.02.2022,12,323,IronWolf
16.02.2022,16,480,IronWolf
16.02.2022,4,99,Red Plus
16.02.2022,6,163,Red Plus
16.02.2022,8,228,Red Plus
16.02.2022,10,289,Red Plus
16.02.2022,12,339,Red Plus
16.02.2022,14,389,Red Plus
17.02.2022,4,98,IronWolf
17.02.2022,6,164,IronWolf
17.02.2022,8,223,IronWolf
17.02.2022,10,269,IronWolf
17.02.2022,12,323,IronWolf
17.02.2022,16,480,IronWolf
17.02.2022,4,99,Red Plus
17.02.2022,6,163,Red Plus
17.02.2022,8,228,Red Plus
17.02.2022,10,289,Red Plus
17.02.2022,12,339,Red Plus
17.02.2022,14,389,Red Plus
18.02.2022,4,98,IronWolf
18.02.2022,6,166,IronWolf
18.02.2022,8,225,IronWolf
18.02.2022,10,269,IronWolf
18.02.2022,12,319,IronWolf
18.02.2022,16,474,IronWolf
18.02.2022,4,99,Red Plus
18.02.2022,6,163,Red Plus
18.02.2022,8,228,Red Plus
18.02.2022,10,289,Red Plus
18.02.2022,12,339,Red Plus
18.02.2022,14,389,Red Plus
19.02.2022,4,98,IronWolf
19.02.2022,6,166,IronWolf
19.02.2022,8,225,IronWolf
19.02.2022,10,269,IronWolf
19.02.2022,12,319,IronWolf
19.02.2022,16,474,IronWolf
19.02.2022,4,99,Red Plus
19.02.2022,6,163,Red Plus
19.02.2022,8,228,Red Plus
19.02.2022,10,289,Red Plus
19.02.2022,12,339,Red Plus
19.02.2022,14,389,Red Plus
20.02.2022,4,98,IronWolf
20.02.2022,6,166,IronWolf
20.02.2022,8,225,IronWolf
20.02.2022,10,269,IronWolf
20.02.2022,12,319,IronWolf
20.02.2022,16,474,IronWolf
20.02.2022,4,99,Red Plus
20.02.2022,6,163,Red Plus
20.02.2022,8,228,Red Plus
20.02.2022,10,289,Red Plus
20.02.2022,12,339,Red Plus
20.02.2022,14,389,Red Plus
21.02.2022,4,98,IronWolf
21.02.2022,6,166,IronWolf
21.02.2022,8,225,IronWolf
21.02.2022,10,269,IronWolf
21.02.2022,12,319,IronWolf
21.02.2022,16,474,IronWolf
21.02.2022,4,89,Red Plus
21.02.2022,6,143,Red Plus
21.02.2022,8,228,Red Plus
21.02.2022,10,249,Red Plus
21.02.2022,12,299,Red Plus
21.02.2022,14,389,Red Plus
22.02.2022,4,98,IronWolf
22.02.2022,6,166,IronWolf
22.02.2022,8,225,IronWolf
22.02.2022,10,269,IronWolf
22.02.2022,12,319,IronWolf
22.02.2022,16,474,IronWolf
22.02.2022,4,89,Red Plus
22.02.2022,6,143,Red Plus
22.02.2022,8,228,Red Plus
22.02.2022,10,249,Red Plus
22.02.2022,12,299,Red Plus
22.02.2022,14,389,Red Plus
23.02.2022,4,98,IronWolf
23.02.2022,6,166,IronWolf
23.02.2022,8,225,IronWolf
23.02.2022,10,269,IronWolf
23.02.2022,12,319,IronWolf
23.02.2022,16,474,IronWolf
23.02.2022,4,89,Red Plus
23.02.2022,6,143,Red Plus
23.02.2022,8,228,Red Plus
23.02.2022,10,249,Red Plus
23.02.2022,12,299,Red Plus
23.02.2022,14,389,Red Plus
24.02.2022,4,98,IronWolf
24.02.2022,6,166,IronWolf
24.02.2022,8,225,IronWolf
24.02.2022,10,269,IronWolf
24.02.2022,12,319,IronWolf
24.02.2022,16,474,IronWolf
24.02.2022,4,89,Red Plus
24.02.2022,6,143,Red Plus
24.02.2022,8,228,Red Plus
24.02.2022,10,249,Red Plus
24.02.2022,12,339,Red Plus
24.02.2022,14,389,Red Plus
25.02.2022,4,98,IronWolf
25.02.2022,6,166,IronWolf
25.02.2022,8,225,IronWolf
25.02.2022,10,269,IronWolf
25.02.2022,12,319,IronWolf
25.02.2022,16,474,IronWolf
25.02.2022,4,89,Red Plus
25.02.2022,6,143,Red Plus
25.02.2022,8,228,Red Plus
25.02.2022,10,249,Red Plus
25.02.2022,12,339,Red Plus
25.02.2022,14,389,Red Plus
05.03.2022,4,86,IronWolf
05.03.2022,6,144,IronWolf
05.03.2022,8,189,IronWolf
05.03.2022,10,269,IronWolf
05.03.2022,12,279,IronWolf
05.03.2022,16,,IronWolf
05.03.2022,4,99,Red Plus
05.03.2022,6,163,Red Plus
05.03.2022,8,223,Red Plus
05.03.2022,10,289,Red Plus
05.03.2022,12,339,Red Plus
05.03.2022,14,399,Red Plus
06.03.2022,4,86,IronWolf
06.03.2022,6,144,IronWolf
06.03.2022,8,189,IronWolf
06.03.2022,10,276,IronWolf
06.03.2022,12,279,IronWolf
06.03.2022,16,,IronWolf
06.03.2022,4,99,Red Plus
06.03.2022,6,163,Red Plus
06.03.2022,8,223,Red Plus
06.03.2022,10,289,Red Plus
06.03.2022,12,339,Red Plus
06.03.2022,14,399,Red Plus
07.03.2022,4,86,IronWolf
07.03.2022,6,144,IronWolf
07.03.2022,8,189,IronWolf
07.03.2022,10,279,IronWolf
07.03.2022,12,279,IronWolf
07.03.2022,16,,IronWolf
07.03.2022,4,99,Red Plus
07.03.2022,6,163,Red Plus
07.03.2022,8,223,Red Plus
07.03.2022,10,289,Red Plus
07.03.2022,12,339,Red Plus
07.03.2022,14,399,Red Plus
08.03.2022,4,86,IronWolf
08.03.2022,6,144,IronWolf
08.03.2022,8,189,IronWolf
08.03.2022,10,279,IronWolf
08.03.2022,12,279,IronWolf
08.03.2022,16,,IronWolf
08.03.2022,4,99,Red Plus
08.03.2022,6,163,Red Plus
08.03.2022,8,223,Red Plus
08.03.2022,10,269,Red Plus
08.03.2022,12,323,Red Plus
08.03.2022,14,399,Red Plus
09.03.2022,4,86,IronWolf
09.03.2022,6,144,IronWolf
09.03.2022,8,189,IronWolf
09.03.2022,10,272,IronWolf
09.03.2022,12,279,IronWolf
09.03.2022,16,,IronWolf
09.03.2022,4,99,Red Plus
09.03.2022,6,163,Red Plus
09.03.2022,8,223,Red Plus
09.03.2022,10,277,Red Plus
09.03.2022,12,323,Red Plus
09.03.2022,14,349,Red Plus
10.03.2022,4,86,IronWolf
10.03.2022,6,144,IronWolf
10.03.2022,8,189,IronWolf
10.03.2022,10,272,IronWolf
10.03.2022,12,279,IronWolf
10.03.2022,16,,IronWolf
10.03.2022,4,99,Red Plus
10.03.2022,6,163,Red Plus
10.03.2022,8,223,Red Plus
10.03.2022,10,278,Red Plus
10.03.2022,12,321,Red Plus
10.03.2022,14,349,Red Plus
11.03.2022,4,86,IronWolf
11.03.2022,6,144,IronWolf
11.03.2022,8,189,IronWolf
11.03.2022,10,313,IronWolf
11.03.2022,12,279,IronWolf
11.03.2022,16,,IronWolf
11.03.2022,4,99,Red Plus
11.03.2022,6,163,Red Plus
11.03.2022,8,223,Red Plus
11.03.2022,10,286,Red Plus
11.03.2022,12,323,Red Plus
11.03.2022,14,349,Red Plus
12.03.2022,4,86,IronWolf
12.03.2022,6,144,IronWolf
12.03.2022,8,189,IronWolf
12.03.2022,10,313,IronWolf
12.03.2022,12,279,IronWolf
12.03.2022,16,,IronWolf
12.03.2022,4,99,Red Plus
12.03.2022,6,155,Red Plus
12.03.2022,8,223,Red Plus
12.03.2022,10,286,Red Plus
12.03.2022,12,323,Red Plus
12.03.2022,14,349,Red Plus
13.03.2022,4,98,IronWolf
13.03.2022,6,166,IronWolf
13.03.2022,8,225,IronWolf
13.03.2022,10,307,IronWolf
13.03.2022,12,319,IronWolf
13.03.2022,16,,IronWolf
13.03.2022,4,99,Red Plus
13.03.2022,6,155,Red Plus
13.03.2022,8,223,Red Plus
13.03.2022,10,286,Red Plus
13.03.2022,12,352,Red Plus
13.03.2022,14,349,Red Plus
14.03.2022,4,98,IronWolf
14.03.2022,6,166,IronWolf
14.03.2022,8,225,IronWolf
14.03.2022,10,313,IronWolf
14.03.2022,12,319,IronWolf
14.03.2022,16,,IronWolf
14.03.2022,4,95.70,Red Plus
14.03.2022,6,155,Red Plus
14.03.2022,8,223,Red Plus
14.03.2022,10,286,Red Plus
14.03.2022,12,352,Red Plus
14.03.2022,14,349,Red Plus
15.03.2022,4,98,IronWolf
15.03.2022,6,166,IronWolf
15.03.2022,8,225,IronWolf
15.03.2022,10,313,IronWolf
15.03.2022,12,319,IronWolf
15.03.2022,16,,IronWolf
15.03.2022,4,95.70,Red Plus
15.03.2022,6,155,Red Plus
15.03.2022,8,223,Red Plus
15.03.2022,10,286,Red Plus
15.03.2022,12,352,Red Plus
15.03.2022,14,349,Red Plus
16.03.2022,4,98,IronWolf
16.03.2022,6,159,IronWolf
16.03.2022,8,199,IronWolf
16.03.2022,10,313,IronWolf
16.03.2022,12,308,IronWolf
16.03.2022,16,,IronWolf
16.03.2022,4,95.70,Red Plus
16.03.2022,6,155,Red Plus
16.03.2022,8,223,Red Plus
16.03.2022,10,286,Red Plus
16.03.2022,12,352,Red Plus
16.03.2022,14,349,Red Plus
17.03.2022,4,98,IronWolf
17.03.2022,6,159,IronWolf
17.03.2022,8,199,IronWolf
17.03.2022,10,313,IronWolf
17.03.2022,12,308,IronWolf
17.03.2022,16,,IronWolf
17.03.2022,4,95.70,Red Plus
17.03.2022,6,155,Red Plus
17.03.2022,8,223,Red Plus
17.03.2022,10,286,Red Plus
17.03.2022,12,355,Red Plus
17.03.2022,14,349,Red Plus
18.03.2022,4,98,IronWolf
18.03.2022,6,159,IronWolf
18.03.2022,8,199,IronWolf
18.03.2022,10,313,IronWolf
18.03.2022,12,305,IronWolf
18.03.2022,16,,IronWolf
18.03.2022,4,97,Red Plus
18.03.2022,6,155,Red Plus
18.03.2022,8,223,Red Plus
18.03.2022,10,286,Red Plus
18.03.2022,12,356,Red Plus
18.03.2022,14,349,Red Plus
19.03.2022,4,98,IronWolf
19.03.2022,6,159,IronWolf
19.03.2022,8,199,IronWolf
19.03.2022,10,313,IronWolf
19.03.2022,12,305,IronWolf
19.03.2022,16,,IronWolf
19.03.2022,4,97,Red Plus
19.03.2022,6,155,Red Plus
19.03.2022,8,223,Red Plus
19.03.2022,10,286,Red Plus
19.03.2022,12,357,Red Plus
19.03.2022,14,349,Red Plus
20.03.2022,4,98,IronWolf
20.03.2022,6,180,IronWolf
20.03.2022,8,215,IronWolf
20.03.2022,10,317,IronWolf
20.03.2022,12,305,IronWolf
20.03.2022,16,,IronWolf
20.03.2022,4,97,Red Plus
20.03.2022,6,155,Red Plus
20.03.2022,8,223,Red Plus
20.03.2022,10,286,Red Plus
20.03.2022,12,359,Red Plus
20.03.2022,14,349,Red Plus
21.03.2022,4,98,IronWolf
21.03.2022,6,180,IronWolf
21.03.2022,8,215,IronWolf
21.03.2022,10,323,IronWolf
21.03.2022,12,305,IronWolf
21.03.2022,16,,IronWolf
21.03.2022,4,97,Red Plus
21.03.2022,6,155,Red Plus
21.03.2022,8,223,Red Plus
21.03.2022,10,286,Red Plus
21.03.2022,12,359,Red Plus
21.03.2022,14,349,Red Plus
22.03.2022,4,98,IronWolf
22.03.2022,6,194,IronWolf
22.03.2022,8,215,IronWolf
22.03.2022,10,323,IronWolf
22.03.2022,12,305,IronWolf
22.03.2022,16,,IronWolf
22.03.2022,4,97,Red Plus
22.03.2022,6,155,Red Plus
22.03.2022,8,223,Red Plus
22.03.2022,10,286,Red Plus
22.03.2022,12,359,Red Plus
22.03.2022,14,349,Red Plus
23.03.2022,4,98,IronWolf
23.03.2022,6,194,IronWolf
23.03.2022,8,215,IronWolf
23.03.2022,10,323,IronWolf
23.03.2022,12,305,IronWolf
23.03.2022,16,,IronWolf
23.03.2022,4,97,Red Plus
23.03.2022,6,155,Red Plus
23.03.2022,8,223,Red Plus
23.03.2022,10,286,Red Plus
23.03.2022,12,344,Red Plus
23.03.2022,14,349,Red Plus
24.03.2022,4,98,IronWolf
24.03.2022,6,168,IronWolf
24.03.2022,8,215,IronWolf
24.03.2022,10,289,IronWolf
24.03.2022,12,305,IronWolf
24.03.2022,16,,IronWolf
24.03.2022,4,97,Red Plus
24.03.2022,6,154,Red Plus
24.03.2022,8,223,Red Plus
24.03.2022,10,282,Red Plus
24.03.2022,12,328,Red Plus
24.03.2022,14,359,Red Plus
25.03.2022,4,93,IronWolf
25.03.2022,6,168,IronWolf
25.03.2022,8,209,IronWolf
25.03.2022,10,267,IronWolf
25.03.2022,12,305,IronWolf
25.03.2022,16,,IronWolf
25.03.2022,4,97,Red Plus
25.03.2022,6,158,Red Plus
25.03.2022,8,223,Red Plus
25.03.2022,10,282,Red Plus
25.03.2022,12,328,Red Plus
25.03.2022,14,359,Red Plus
26.03.2022,4,93,IronWolf
26.03.2022,6,167,IronWolf
26.03.2022,8,209,IronWolf
26.03.2022,10,267,IronWolf
26.03.2022,12,305,IronWolf
26.03.2022,16,,IronWolf
26.03.2022,4,97,Red Plus
26.03.2022,6,158,Red Plus
26.03.2022,8,223,Red Plus
26.03.2022,10,281,Red Plus
26.03.2022,12,327,Red Plus
26.03.2022,14,359,Red Plus
27.03.2022,4,93,IronWolf
27.03.2022,6,166,IronWolf
27.03.2022,8,209,IronWolf
27.03.2022,10,267,IronWolf
27.03.2022,12,305,IronWolf
27.03.2022,16,,IronWolf
27.03.2022,4,97,Red Plus
27.03.2022,6,158,Red Plus
27.03.2022,8,223,Red Plus
27.03.2022,10,281,Red Plus
27.03.2022,12,322,Red Plus
27.03.2022,14,359,Red Plus
28.03.2022,4,93,IronWolf
28.03.2022,6,166,IronWolf
28.03.2022,8,209,IronWolf
28.03.2022,10,267,IronWolf
28.03.2022,12,305,IronWolf
28.03.2022,16,,IronWolf
28.03.2022,4,97,Red Plus
28.03.2022,6,158,Red Plus
28.03.2022,8,223,Red Plus
28.03.2022,10,281,Red Plus
28.03.2022,12,322,Red Plus
28.03.2022,14,359,Red Plus
29.03.2022,4,93,IronWolf
29.03.2022,6,165,IronWolf
29.03.2022,8,209,IronWolf
29.03.2022,10,267,IronWolf
29.03.2022,12,305,IronWolf
29.03.2022,16,,IronWolf
29.03.2022,4,97,Red Plus
29.03.2022,6,158,Red Plus
29.03.2022,8,223,Red Plus
29.03.2022,10,281,Red Plus
29.03.2022,12,322,Red Plus
29.03.2022,14,359,Red Plus
30.03.2022,4,93,IronWolf
30.03.2022,6,165,IronWolf
30.03.2022,8,209,IronWolf
30.03.2022,10,267,IronWolf
30.03.2022,12,305,IronWolf
30.03.2022,16,,IronWolf
30.03.2022,4,97,Red Plus
30.03.2022,6,158,Red Plus
30.03.2022,8,223,Red Plus
30.03.2022,10,277,Red Plus
30.03.2022,12,321,Red Plus
30.03.2022,14,359,Red Plus
31.03.2022,4,92,IronWolf
31.03.2022,6,166,IronWolf
31.03.2022,8,209,IronWolf
31.03.2022,10,275,IronWolf
31.03.2022,12,315,IronWolf
31.03.2022,16,,IronWolf
31.03.2022,4,99,Red Plus
31.03.2022,6,158,Red Plus
31.03.2022,8,223,Red Plus
31.03.2022,10,268,Red Plus
31.03.2022,12,309,Red Plus
31.03.2022,14,359,Red Plus
01.04.2022,4,92,IronWolf
01.04.2022,6,166,IronWolf
01.04.2022,8,209,IronWolf
01.04.2022,10,275,IronWolf
01.04.2022,12,315,IronWolf
01.04.2022,16,,IronWolf
01.04.2022,4,99,Red Plus
01.04.2022,6,158,Red Plus
01.04.2022,8,189,Red Plus
01.04.2022,10,268,Red Plus
01.04.2022,12,309,Red Plus
01.04.2022,14,359,Red Plus
02.04.2022,4,92,IronWolf
02.04.2022,6,166,IronWolf
02.04.2022,8,209,IronWolf
02.04.2022,10,275,IronWolf
02.04.2022,12,315,IronWolf
02.04.2022,16,,IronWolf
02.04.2022,4,99,Red Plus
02.04.2022,6,158,Red Plus
02.04.2022,8,223,Red Plus
02.04.2022,10,268,Red Plus
02.04.2022,12,309,Red Plus
02.04.2022,14,359,Red Plus
03.04.2022,4,92,IronWolf
03.04.2022,6,166,IronWolf
03.04.2022,8,209,IronWolf
03.04.2022,10,275,IronWolf
03.04.2022,12,315,IronWolf
03.04.2022,16,,IronWolf
03.04.2022,4,99,Red Plus
03.04.2022,6,158,Red Plus
03.04.2022,8,223,Red Plus
03.04.2022,10,268,Red Plus
03.04.2022,12,309,Red Plus
03.04.2022,14,359,Red Plus
04.04.2022,4,92,IronWolf
04.04.2022,6,166,IronWolf
04.04.2022,8,209,IronWolf
04.04.2022,10,275,IronWolf
04.04.2022,12,315,IronWolf
04.04.2022,16,,IronWolf
04.04.2022,4,99,Red Plus
04.04.2022,6,158,Red Plus
04.04.2022,8,223,Red Plus
04.04.2022,10,268,Red Plus
04.04.2022,12,309,Red Plus
04.04.2022,14,359,Red Plus
05.04.2022,4,92,IronWolf
05.04.2022,6,166,IronWolf
05.04.2022,8,209,IronWolf
05.04.2022,10,275,IronWolf
05.04.2022,12,315,IronWolf
05.04.2022,16,,IronWolf
05.04.2022,4,99,Red Plus
05.04.2022,6,158,Red Plus
05.04.2022,8,223,Red Plus
05.04.2022,10,268,Red Plus
05.04.2022,12,309,Red Plus
05.04.2022,14,359,Red Plus
06.04.2022,4,92,IronWolf
06.04.2022,6,166,IronWolf
06.04.2022,8,209,IronWolf
06.04.2022,10,269,IronWolf
06.04.2022,12,315,IronWolf
06.04.2022,16,,IronWolf
06.04.2022,4,99,Red Plus
06.04.2022,6,158,Red Plus
06.04.2022,8,223,Red Plus
06.04.2022,10,268,Red Plus
06.04.2022,12,309,Red Plus
06.04.2022,14,392,Red Plus
07.04.2022,4,92,IronWolf
07.04.2022,6,166,IronWolf
07.04.2022,8,209,IronWolf
07.04.2022,10,269,IronWolf
07.04.2022,12,315,IronWolf
07.04.2022,16,,IronWolf
07.04.2022,4,99,Red Plus
07.04.2022,6,158,Red Plus
07.04.2022,8,223,Red Plus
07.04.2022,10,268,Red Plus
07.04.2022,12,309,Red Plus
07.04.2022,14,408,Red Plus
08.04.2022,4,92,IronWolf
08.04.2022,6,166,IronWolf
08.04.2022,8,209,IronWolf
08.04.2022,10,269,IronWolf
08.04.2022,12,309,IronWolf
08.04.2022,16,,IronWolf
08.04.2022,4,99,Red Plus
08.04.2022,6,161,Red Plus
08.04.2022,8,223,Red Plus
08.04.2022,10,281,Red Plus
08.04.2022,12,309,Red Plus
08.04.2022,14,389,Red Plus
09.04.2022,4,92,IronWolf
09.04.2022,6,166,IronWolf
09.04.2022,8,209,IronWolf
09.04.2022,10,269,IronWolf
09.04.2022,12,309,IronWolf
09.04.2022,16,,IronWolf
09.04.2022,4,99,Red Plus
09.04.2022,6,161,Red Plus
09.04.2022,8,223,Red Plus
09.04.2022,10,281,Red Plus
09.04.2022,12,309,Red Plus
09.04.2022,14,389,Red Plus
10.04.2022,4,99,IronWolf
10.04.2022,6,166,IronWolf
10.04.2022,8,209,IronWolf
10.04.2022,10,269,IronWolf
10.04.2022,12,309,IronWolf
10.04.2022,16,,IronWolf
10.04.2022,4,99,Red Plus
10.04.2022,6,161,Red Plus
10.04.2022,8,223,Red Plus
10.04.2022,10,280,Red Plus
10.04.2022,12,309,Red Plus
10.04.2022,14,389,Red Plus
11.04.2022,4,99,IronWolf
11.04.2022,6,166,IronWolf
11.04.2022,8,209,IronWolf
11.04.2022,10,269,IronWolf
11.04.2022,12,309,IronWolf
11.04.2022,16,,IronWolf
11.04.2022,4,99,Red Plus
11.04.2022,6,161,Red Plus
11.04.2022,8,223,Red Plus
11.04.2022,10,280,Red Plus
11.04.2022,12,309,Red Plus
11.04.2022,14,389,Red Plus
12.04.2022,4,99,IronWolf
12.04.2022,6,166,IronWolf
12.04.2022,8,209,IronWolf
12.04.2022,10,269,IronWolf
12.04.2022,12,309,IronWolf
12.04.2022,16,,IronWolf
12.04.2022,4,99,Red Plus
12.04.2022,6,161,Red Plus
12.04.2022,8,223,Red Plus
12.04.2022,10,280,Red Plus
12.04.2022,12,309,Red Plus
12.04.2022,14,389,Red Plus
13.04.2022,4,99,IronWolf
13.04.2022,6,166,IronWolf
13.04.2022,8,209,IronWolf
13.04.2022,10,269,IronWolf
13.04.2022,12,309,IronWolf
13.04.2022,16,,IronWolf
13.04.2022,4,99,Red Plus
13.04.2022,6,161,Red Plus
13.04.2022,8,223,Red Plus
13.04.2022,10,281,Red Plus
13.04.2022,12,309,Red Plus
13.04.2022,14,389,Red Plus
14.04.2022,4,99,IronWolf
14.04.2022,6,166,IronWolf
14.04.2022,8,209,IronWolf
14.04.2022,10,269,IronWolf
14.04.2022,12,309,IronWolf
14.04.2022,16,,IronWolf
14.04.2022,4,99,Red Plus
14.04.2022,6,161,Red Plus
14.04.2022,8,223,Red Plus
14.04.2022,10,279,Red Plus
14.04.2022,12,309,Red Plus
14.04.2022,14,389,Red Plus
15.04.2022,4,99,IronWolf
15.04.2022,6,166,IronWolf
15.04.2022,8,212,IronWolf
15.04.2022,10,269,IronWolf
15.04.2022,12,309,IronWolf
15.04.2022,16,,IronWolf
15.04.2022,4,99,Red Plus
15.04.2022,6,161,Red Plus
15.04.2022,8,223,Red Plus
15.04.2022,10,279,Red Plus
15.04.2022,12,309,Red Plus
15.04.2022,14,389,Red Plus
16.04.2022,4,99,IronWolf
16.04.2022,6,166,IronWolf
16.04.2022,8,212,IronWolf
16.04.2022,10,269,IronWolf
16.04.2022,12,309,IronWolf
16.04.2022,16,,IronWolf
16.04.2022,4,99,Red Plus
16.04.2022,6,161,Red Plus
16.04.2022,8,223,Red Plus
16.04.2022,10,279,Red Plus
16.04.2022,12,309,Red Plus
16.04.2022,14,389,Red Plus
17.04.2022,4,99,IronWolf
17.04.2022,6,166,IronWolf
17.04.2022,8,212,IronWolf
17.04.2022,10,269,IronWolf
17.04.2022,12,309,IronWolf
17.04.2022,16,,IronWolf
17.04.2022,4,91.70,Red Plus
17.04.2022,6,161,Red Plus
17.04.2022,8,230,Red Plus
17.04.2022,10,281,Red Plus
17.04.2022,12,309,Red Plus
17.04.2022,14,389,Red Plus
18.04.2022,4,99,IronWolf
18.04.2022,6,166,IronWolf
18.04.2022,8,212,IronWolf
18.04.2022,10,269,IronWolf
18.04.2022,12,309,IronWolf
18.04.2022,16,,IronWolf
18.04.2022,4,91.70,Red Plus
18.04.2022,6,161,Red Plus
18.04.2022,8,230,Red Plus
18.04.2022,10,281,Red Plus
18.04.2022,12,309,Red Plus
18.04.2022,14,389,Red Plus
19.04.2022,4,99,IronWolf
19.04.2022,6,166,IronWolf
19.04.2022,8,212,IronWolf
19.04.2022,10,269,IronWolf
19.04.2022,12,309,IronWolf
19.04.2022,16,,IronWolf
19.04.2022,4,91.70,Red Plus
19.04.2022,6,161,Red Plus
19.04.2022,8,230,Red Plus
19.04.2022,10,281,Red Plus
19.04.2022,12,309,Red Plus
19.04.2022,14,389,Red Plus
20.04.2022,4,99,IronWolf
20.04.2022,6,166,IronWolf
20.04.2022,8,212,IronWolf
20.04.2022,10,269,IronWolf
20.04.2022,12,309,IronWolf
20.04.2022,16,,IronWolf
20.04.2022,4,91.70,Red Plus
20.04.2022,6,161,Red Plus
20.04.2022,8,232,Red Plus
20.04.2022,10,281,Red Plus
20.04.2022,12,309,Red Plus
20.04.2022,14,379,Red Plus
21.04.2022,4,99,IronWolf
21.04.2022,6,166,IronWolf
21.04.2022,8,212,IronWolf
21.04.2022,10,269,IronWolf
21.04.2022,12,309,IronWolf
21.04.2022,16,,IronWolf
21.04.2022,4,91.70,Red Plus
21.04.2022,6,161,Red Plus
21.04.2022,8,232,Red Plus
21.04.2022,10,281,Red Plus
21.04.2022,12,309,Red Plus
21.04.2022,14,379,Red Plus
22.04.2022,4,99,IronWolf
22.04.2022,6,166,IronWolf
22.04.2022,8,212,IronWolf
22.04.2022,10,269,IronWolf
22.04.2022,12,309,IronWolf
22.04.2022,16,,IronWolf
22.04.2022,4,91.70,Red Plus
22.04.2022,6,161,Red Plus
22.04.2022,8,236,Red Plus
22.04.2022,10,283,Red Plus
22.04.2022,12,309,Red Plus
22.04.2022,14,379,Red Plus
23.04.2022,4,99,IronWolf
23.04.2022,6,166,IronWolf
23.04.2022,8,212,IronWolf
23.04.2022,10,276,IronWolf
23.04.2022,12,329,IronWolf
23.04.2022,16,,IronWolf
23.04.2022,4,91.70,Red Plus
23.04.2022,6,161,Red Plus
23.04.2022,8,236,Red Plus
23.04.2022,10,283,Red Plus
23.04.2022,12,309,Red Plus
23.04.2022,14,379,Red Plus
24.04.2022,4,91,IronWolf
24.04.2022,6,166,IronWolf
24.04.2022,8,212,IronWolf
24.04.2022,10,276,IronWolf
24.04.2022,12,329,IronWolf
24.04.2022,16,,IronWolf
24.04.2022,4,91.70,Red Plus
24.04.2022,6,161,Red Plus
24.04.2022,8,236,Red Plus
24.04.2022,10,283,Red Plus
24.04.2022,12,309,Red Plus
24.04.2022,14,379,Red Plus
25.04.2022,4,91,IronWolf
25.04.2022,6,166,IronWolf
25.04.2022,8,212,IronWolf
25.04.2022,10,276,IronWolf
25.04.2022,12,329,IronWolf
25.04.2022,16,,IronWolf
25.04.2022,4,91.70,Red Plus
25.04.2022,6,161,Red Plus
25.04.2022,8,237,Red Plus
25.04.2022,10,284,Red Plus
25.04.2022,12,309,Red Plus
25.04.2022,14,379,Red Plus
26.04.2022,4,91,IronWolf
26.04.2022,6,166,IronWolf
26.04.2022,8,270,IronWolf
26.04.2022,10,276,IronWolf
26.04.2022,12,329,IronWolf
26.04.2022,16,,IronWolf
26.04.2022,4,99,Red Plus
26.04.2022,6,161,Red Plus
26.04.2022,8,237,Red Plus
26.04.2022,10,284,Red Plus
26.04.2022,12,309,Red Plus
26.04.2022,14,379,Red Plus
27.04.2022,4,94.50,IronWolf
27.04.2022,6,166,IronWolf
27.04.2022,8,220,IronWolf
27.04.2022,10,276,IronWolf
27.04.2022,12,329,IronWolf
27.04.2022,16,,IronWolf
27.04.2022,4,99,Red Plus
27.04.2022,6,161,Red Plus
27.04.2022,8,237,Red Plus
27.04.2022,10,283,Red Plus
27.04.2022,12,309,Red Plus
27.04.2022,14,379,Red Plus
28.04.2022,4,94.50,IronWolf
28.04.2022,6,166,IronWolf
28.04.2022,8,219,IronWolf
28.04.2022,10,276,IronWolf
28.04.2022,12,329,IronWolf
28.04.2022,16,,IronWolf
28.04.2022,4,99,Red Plus
28.04.2022,6,161,Red Plus
28.04.2022,8,237,Red Plus
28.04.2022,10,282,Red Plus
28.04.2022,12,309,Red Plus
28.04.2022,14,379,Red Plus
29.04.2022,4,94.50,IronWolf
29.04.2022,6,166,IronWolf
29.04.2022,8,220,IronWolf
29.04.2022,10,276,IronWolf
29.04.2022,12,329,IronWolf
29.04.2022,16,,IronWolf
29.04.2022,4,99,Red Plus
29.04.2022,6,161,Red Plus
29.04.2022,8,230,Red Plus
29.04.2022,10,282,Red Plus
29.04.2022,12,309,Red Plus
29.04.2022,14,379,Red Plus
30.04.2022,4,94.50,IronWolf
30.04.2022,6,158,IronWolf
30.04.2022,8,220,IronWolf
30.04.2022,10,276,IronWolf
30.04.2022,12,329,IronWolf
30.04.2022,16,,IronWolf
30.04.2022,4,99,Red Plus
30.04.2022,6,161,Red Plus
30.04.2022,8,222,Red Plus
30.04.2022,10,282,Red Plus
30.04.2022,12,309,Red Plus
30.04.2022,14,379,Red Plus
01.05.2022,4,94.50,IronWolf
01.05.2022,6,158,IronWolf
01.05.2022,8,218,IronWolf
01.05.2022,10,276,IronWolf
01.05.2022,12,329,IronWolf
01.05.2022,16,,IronWolf
01.05.2022,4,99,Red Plus
01.05.2022,6,161,Red Plus
01.05.2022,8,221,Red Plus
01.05.2022,10,282,Red Plus
01.05.2022,12,309,Red Plus
01.05.2022,14,379,Red Plus
02.05.2022,4,94.50,IronWolf
02.05.2022,6,158,IronWolf
02.05.2022,8,218,IronWolf
02.05.2022,10,276,IronWolf
02.05.2022,12,329,IronWolf
02.05.2022,16,,IronWolf
02.05.2022,4,99,Red Plus
02.05.2022,6,161,Red Plus
02.05.2022,8,221,Red Plus
02.05.2022,10,282,Red Plus
02.05.2022,12,309,Red Plus
02.05.2022,14,379,Red Plus
03.05.2022,4,94.50,IronWolf
03.05.2022,6,158,IronWolf
03.05.2022,8,210,IronWolf
03.05.2022,10,276,IronWolf
03.05.2022,12,329,IronWolf
03.05.2022,16,,IronWolf
03.05.2022,4,99,Red Plus
03.05.2022,6,161,Red Plus
03.05.2022,8,221,Red Plus
03.05.2022,10,260,Red Plus
03.05.2022,12,309,Red Plus
03.05.2022,14,379,Red Plus
04.05.2022,4,97,IronWolf
04.05.2022,6,163,IronWolf
04.05.2022,8,219,IronWolf
04.05.2022,10,276,IronWolf
04.05.2022,12,329,IronWolf
04.05.2022,16,,IronWolf
04.05.2022,4,99,Red Plus
04.05.2022,6,161,Red Plus
04.05.2022,8,219,Red Plus
04.05.2022,10,261,Red Plus
04.05.2022,12,309,Red Plus
04.05.2022,14,379,Red Plus
05.05.2022,4,97,IronWolf
05.05.2022,6,163,IronWolf
05.05.2022,8,219,IronWolf
05.05.2022,10,276,IronWolf
05.05.2022,12,329,IronWolf
05.05.2022,16,,IronWolf
05.05.2022,4,99,Red Plus
05.05.2022,6,161,Red Plus
05.05.2022,8,211,Red Plus
05.05.2022,10,266,Red Plus
05.05.2022,12,309,Red Plus
05.05.2022,14,379,Red Plus
06.05.2022,4,97,IronWolf
06.05.2022,6,163,IronWolf
06.05.2022,8,219,IronWolf
06.05.2022,10,276,IronWolf
06.05.2022,12,329,IronWolf
06.05.2022,16,,IronWolf
06.05.2022,4,99,Red Plus
06.05.2022,6,161,Red Plus
06.05.2022,8,211,Red Plus
06.05.2022,10,266,Red Plus
06.05.2022,12,309,Red Plus
06.05.2022,14,379,Red Plus
07.05.2022,4,97,IronWolf
07.05.2022,6,163,IronWolf
07.05.2022,8,219,IronWolf
07.05.2022,10,276,IronWolf
07.05.2022,12,329,IronWolf
07.05.2022,16,,IronWolf
07.05.2022,4,99,Red Plus
07.05.2022,6,161,Red Plus
07.05.2022,8,213,Red Plus
07.05.2022,10,266,Red Plus
07.05.2022,12,309,Red Plus
07.05.2022,14,379,Red Plus
08.05.2022,4,97,IronWolf
08.05.2022,6,163,IronWolf
08.05.2022,8,219,IronWolf
08.05.2022,10,276,IronWolf
08.05.2022,12,329,IronWolf
08.05.2022,16,,IronWolf
08.05.2022,4,99,Red Plus
08.05.2022,6,161,Red Plus
08.05.2022,8,214,Red Plus
08.05.2022,10,284,Red Plus
08.05.2022,12,309,Red Plus
08.05.2022,14,379,Red Plus
09.05.2022,4,97,IronWolf
09.05.2022,6,163,IronWolf
09.05.2022,8,219,IronWolf
09.05.2022,10,276,IronWolf
09.05.2022,12,329,IronWolf
09.05.2022,16,,IronWolf
09.05.2022,4,99,Red Plus
09.05.2022,6,161,Red Plus
09.05.2022,8,214,Red Plus
09.05.2022,10,284,Red Plus
09.05.2022,12,309,Red Plus
09.05.2022,14,379,Red Plus
10.05.2022,4,97,IronWolf
10.05.2022,6,163,IronWolf
10.05.2022,8,219,IronWolf
10.05.2022,10,276,IronWolf
10.05.2022,12,329,IronWolf
10.05.2022,16,,IronWolf
10.05.2022,4,99,Red Plus
10.05.2022,6,161,Red Plus
10.05.2022,8,214,Red Plus
10.05.2022,10,265,Red Plus
10.05.2022,12,309,Red Plus
10.05.2022,14,379,Red Plus
11.05.2022,4,97,IronWolf
11.05.2022,6,163,IronWolf
11.05.2022,8,219,IronWolf
11.05.2022,10,276,IronWolf
11.05.2022,12,329,IronWolf
11.05.2022,16,,IronWolf
11.05.2022,4,99,Red Plus
11.05.2022,6,161,Red Plus
11.05.2022,8,214,Red Plus
11.05.2022,10,266,Red Plus
11.05.2022,12,309,Red Plus
11.05.2022,14,379,Red Plus
12.05.2022,4,97,IronWolf
12.05.2022,6,163,IronWolf
12.05.2022,8,219,IronWolf
12.05.2022,10,276,IronWolf
12.05.2022,12,329,IronWolf
12.05.2022,16,,IronWolf
12.05.2022,4,99,Red Plus
12.05.2022,6,161,Red Plus
12.05.2022,8,215,Red Plus
12.05.2022,10,266,Red Plus
12.05.2022,12,309,Red Plus
12.05.2022,14,379,Red Plus
13.05.2022,4,97,IronWolf
13.05.2022,6,163,IronWolf
13.05.2022,8,219,IronWolf
13.05.2022,10,276,IronWolf
13.05.2022,12,329,IronWolf
13.05.2022,16,,IronWolf
13.05.2022,4,99,Red Plus
13.05.2022,6,161,Red Plus
13.05.2022,8,214,Red Plus
13.05.2022,10,266,Red Plus
13.05.2022,12,309,Red Plus
13.05.2022,14,379,Red Plus
14.05.2022,4,97,IronWolf
14.05.2022,6,163,IronWolf
14.05.2022,8,219,IronWolf
14.05.2022,10,276,IronWolf
14.05.2022,12,329,IronWolf
14.05.2022,16,,IronWolf
14.05.2022,4,99,Red Plus
14.05.2022,6,161,Red Plus
14.05.2022,8,213,Red Plus
14.05.2022,10,264,Red Plus
14.05.2022,12,309,Red Plus
14.05.2022,14,379,Red Plus
15.05.2022,4,97,IronWolf
15.05.2022,6,163,IronWolf
15.05.2022,8,219,IronWolf
15.05.2022,10,276,IronWolf
15.05.2022,12,329,IronWolf
15.05.2022,16,,IronWolf
15.05.2022,4,99,Red Plus
15.05.2022,6,161,Red Plus
15.05.2022,8,213,Red Plus
15.05.2022,10,264,Red Plus
15.05.2022,12,309,Red Plus
15.05.2022,14,379,Red Plus
16.05.2022,4,97,IronWolf
16.05.2022,6,163,IronWolf
16.05.2022,8,219,IronWolf
16.05.2022,10,276,IronWolf
16.05.2022,12,329,IronWolf
16.05.2022,16,,IronWolf
16.05.2022,4,99,Red Plus
16.05.2022,6,161,Red Plus
16.05.2022,8,213,Red Plus
16.05.2022,10,264,Red Plus
16.05.2022,12,309,Red Plus
16.05.2022,14,379,Red Plus
17.05.2022,4,97,IronWolf
17.05.2022,6,163,IronWolf
17.05.2022,8,219,IronWolf
17.05.2022,10,276,IronWolf
17.05.2022,12,329,IronWolf
17.05.2022,16,,IronWolf
17.05.2022,4,99,Red Plus
17.05.2022,6,161,Red Plus
17.05.2022,8,213,Red Plus
17.05.2022,10,264,Red Plus
17.05.2022,12,309,Red Plus
17.05.2022,14,379,Red Plus
18.05.2022,4,97,IronWolf
18.05.2022,6,163,IronWolf
18.05.2022,8,219,IronWolf
18.05.2022,10,276,IronWolf
18.05.2022,12,329,IronWolf
18.05.2022,16,,IronWolf
18.05.2022,4,99,Red Plus
18.05.2022,6,163,Red Plus
18.05.2022,8,222,Red Plus
18.05.2022,10,279,Red Plus
18.05.2022,12,319,Red Plus
18.05.2022,14,389,Red Plus
19.05.2022,4,97,IronWolf
19.05.2022,6,163,IronWolf
19.05.2022,8,219,IronWolf
19.05.2022,10,276,IronWolf
19.05.2022,12,329,IronWolf
19.05.2022,16,,IronWolf
19.05.2022,4,99,Red Plus
19.05.2022,6,163,Red Plus
19.05.2022,8,222,Red Plus
19.05.2022,10,279,Red Plus
19.05.2022,12,319,Red Plus
19.05.2022,14,389,Red Plus
20.05.2022,4,97,IronWolf
20.05.2022,6,163,IronWolf
20.05.2022,8,219,IronWolf
20.05.2022,10,276,IronWolf
20.05.2022,12,329,IronWolf
20.05.2022,16,,IronWolf
20.05.2022,4,99,Red Plus
20.05.2022,6,163,Red Plus
20.05.2022,8,222,Red Plus
20.05.2022,10,279,Red Plus
20.05.2022,12,319,Red Plus
20.05.2022,14,389,Red Plus
21.05.2022,4,97,IronWolf
21.05.2022,6,163,IronWolf
21.05.2022,8,219,IronWolf
21.05.2022,10,276,IronWolf
21.05.2022,12,329,IronWolf
21.05.2022,16,,IronWolf
21.05.2022,4,99,Red Plus
21.05.2022,6,163,Red Plus
21.05.2022,8,222,Red Plus
21.05.2022,10,279,Red Plus
21.05.2022,12,319,Red Plus
21.05.2022,14,389,Red Plus
22.05.2022,4,97,IronWolf
22.05.2022,6,163,IronWolf
22.05.2022,8,219,IronWolf
22.05.2022,10,276,IronWolf
22.05.2022,12,329,IronWolf
22.05.2022,16,,IronWolf
22.05.2022,4,99,Red Plus
22.05.2022,6,163,Red Plus
22.05.2022,8,222,Red Plus
22.05.2022,10,279,Red Plus
22.05.2022,12,319,Red Plus
22.05.2022,14,389,Red Plus
23.05.2022,4,97,IronWolf
23.05.2022,6,163,IronWolf
23.05.2022,8,219,IronWolf
23.05.2022,10,276,IronWolf
23.05.2022,12,329,IronWolf
23.05.2022,16,,IronWolf
23.05.2022,4,99,Red Plus
23.05.2022,6,163,Red Plus
23.05.2022,8,222,Red Plus
23.05.2022,10,279,Red Plus
23.05.2022,12,319,Red Plus
23.05.2022,14,389,Red Plus
24.05.2022,4,97,IronWolf
24.05.2022,6,163,IronWolf
24.05.2022,8,219,IronWolf
24.05.2022,10,272,IronWolf
24.05.2022,12,329,IronWolf
24.05.2022,16,,IronWolf
24.05.2022,4,89,Red Plus
24.05.2022,6,144,Red Plus
24.05.2022,8,189,Red Plus
24.05.2022,10,239,Red Plus
24.05.2022,12,285,Red Plus
24.05.2022,14,339,Red Plus
25.05.2022,4,97,IronWolf
25.05.2022,6,163,IronWolf
25.05.2022,8,219,IronWolf
25.05.2022,10,272,IronWolf
25.05.2022,12,329,IronWolf
25.05.2022,16,,IronWolf
25.05.2022,4,89,Red Plus
25.05.2022,6,144,Red Plus
25.05.2022,8,189,Red Plus
25.05.2022,10,239,Red Plus
25.05.2022,12,285,Red Plus
25.05.2022,14,339,Red Plus
26.05.2022,4,97,IronWolf
26.05.2022,6,163,IronWolf
26.05.2022,8,219,IronWolf
26.05.2022,10,272,IronWolf
26.05.2022,12,329,IronWolf
26.05.2022,16,,IronWolf
26.05.2022,4,89,Red Plus
26.05.2022,6,144,Red Plus
26.05.2022,8,222,Red Plus
26.05.2022,10,239,Red Plus
26.05.2022,12,285,Red Plus
26.05.2022,14,339,Red Plus
27.05.2022,4,97,IronWolf
27.05.2022,6,163,IronWolf
27.05.2022,8,219,IronWolf
27.05.2022,10,273,IronWolf
27.05.2022,12,329,IronWolf
27.05.2022,16,,IronWolf
27.05.2022,4,89,Red Plus
27.05.2022,6,144,Red Plus
27.05.2022,8,222,Red Plus
27.05.2022,10,279,Red Plus
27.05.2022,12,285,Red Plus
27.05.2022,14,339,Red Plus
28.05.2022,4,97,IronWolf
28.05.2022,6,163,IronWolf
28.05.2022,8,219,IronWolf
28.05.2022,10,272,IronWolf
28.05.2022,12,329,IronWolf
28.05.2022,16,,IronWolf
28.05.2022,4,89,Red Plus
28.05.2022,6,144,Red Plus
28.05.2022,8,222,Red Plus
28.05.2022,10,279,Red Plus
28.05.2022,12,285,Red Plus
28.05.2022,14,339,Red Plus
29.05.2022,4,97,IronWolf
29.05.2022,6,163,IronWolf
29.05.2022,8,219,IronWolf
29.05.2022,10,272,IronWolf
29.05.2022,12,329,IronWolf
29.05.2022,16,,IronWolf
29.05.2022,4,89,Red Plus
29.05.2022,6,163,Red Plus
29.05.2022,8,222,Red Plus
29.05.2022,10,279,Red Plus
29.05.2022,12,285,Red Plus
29.05.2022,14,339,Red Plus
30.05.2022,4,97,IronWolf
30.05.2022,6,163,IronWolf
30.05.2022,8,219,IronWolf
30.05.2022,10,272,IronWolf
30.05.2022,12,329,IronWolf
30.05.2022,16,,IronWolf
30.05.2022,4,89,Red Plus
30.05.2022,6,163,Red Plus
30.05.2022,8,222,Red Plus
30.05.2022,10,279,Red Plus
30.05.2022,12,319,Red Plus
30.05.2022,14,339,Red Plus
31.05.2022,4,97,IronWolf
31.05.2022,6,163,IronWolf
31.05.2022,8,219,IronWolf
31.05.2022,10,270,IronWolf
31.05.2022,12,329,IronWolf
31.05.2022,16,,IronWolf
31.05.2022,4,89,Red Plus
31.05.2022,6,163,Red Plus
31.05.2022,8,222,Red Plus
31.05.2022,10,279,Red Plus
31.05.2022,12,319,Red Plus
31.05.2022,14,339,Red Plus
01.06.2022,4,97,IronWolf
01.06.2022,6,163,IronWolf
01.06.2022,8,219,IronWolf
01.06.2022,10,273,IronWolf
01.06.2022,12,329,IronWolf
01.06.2022,16,,IronWolf
01.06.2022,4,99,Red Plus
01.06.2022,6,163,Red Plus
01.06.2022,8,222,Red Plus
01.06.2022,10,279,Red Plus
01.06.2022,12,319,Red Plus
01.06.2022,14,339,Red Plus
02.06.2022,4,97,IronWolf
02.06.2022,6,163,IronWolf
02.06.2022,8,209,IronWolf
02.06.2022,10,270,IronWolf
02.06.2022,12,309,IronWolf
02.06.2022,16,,IronWolf
02.06.2022,4,99,Red Plus
02.06.2022,6,163,Red Plus
02.06.2022,8,222,Red Plus
02.06.2022,10,279,Red Plus
02.06.2022,12,319,Red Plus
02.06.2022,14,339,Red Plus
03.06.2022,4,97,IronWolf
03.06.2022,6,163,IronWolf
03.06.2022,8,209,IronWolf
03.06.2022,10,270,IronWolf
03.06.2022,12,309,IronWolf
03.06.2022,16,,IronWolf
03.06.2022,4,99,Red Plus
03.06.2022,6,163,Red Plus
03.06.2022,8,222,Red Plus
03.06.2022,10,279,Red Plus
03.06.2022,12,319,Red Plus
03.06.2022,14,389,Red Plus
04.06.2022,4,97,IronWolf
04.06.2022,6,163,IronWolf
04.06.2022,8,209,IronWolf
04.06.2022,10,270,IronWolf
04.06.2022,12,309,IronWolf
04.06.2022,16,,IronWolf
04.06.2022,4,99,Red Plus
04.06.2022,6,163,Red Plus
04.06.2022,8,222,Red Plus
04.06.2022,10,279,Red Plus
04.06.2022,12,319,Red Plus
04.06.2022,14,389,Red Plus
05.06.2022,4,97,IronWolf
05.06.2022,6,163,IronWolf
05.06.2022,8,209,IronWolf
05.06.2022,10,270,IronWolf
05.06.2022,12,309,IronWolf
05.06.2022,16,,IronWolf
05.06.2022,4,99,Red Plus
05.06.2022,6,163,Red Plus
05.06.2022,8,222,Red Plus
05.06.2022,10,279,Red Plus
05.06.2022,12,319,Red Plus
05.06.2022,14,389,Red Plus
06.06.2022,4,97,IronWolf
06.06.2022,6,163,IronWolf
06.06.2022,8,209,IronWolf
06.06.2022,10,270,IronWolf
06.06.2022,12,309,IronWolf
06.06.2022,16,,IronWolf
06.06.2022,4,99,Red Plus
06.06.2022,6,163,Red Plus
06.06.2022,8,222,Red Plus
06.06.2022,10,279,Red Plus
06.06.2022,12,319,Red Plus
06.06.2022,14,389,Red Plus
07.06.2022,4,97,IronWolf
07.06.2022,6,163,IronWolf
07.06.2022,8,209,IronWolf
07.06.2022,10,270,IronWolf
07.06.2022,12,309,IronWolf
07.06.2022,16,,IronWolf
07.06.2022,4,99,Red Plus
07.06.2022,6,163,Red Plus
07.06.2022,8,222,Red Plus
07.06.2022,10,279,Red Plus
07.06.2022,12,319,Red Plus
07.06.2022,14,389,Red Plus
08.06.2022,4,85,IronWolf
08.06.2022,6,139,IronWolf
08.06.2022,8,185,IronWolf
08.06.2022,10,239,IronWolf
08.06.2022,12,272,IronWolf
08.06.2022,16,,IronWolf
08.06.2022,4,99,Red Plus
08.06.2022,6,163,Red Plus
08.06.2022,8,228,Red Plus
08.06.2022,10,279,Red Plus
08.06.2022,12,319,Red Plus
08.06.2022,14,389,Red Plus
09.06.2022,4,85,IronWolf
09.06.2022,6,139,IronWolf
09.06.2022,8,185,IronWolf
09.06.2022,10,270,IronWolf
09.06.2022,12,272,IronWolf
09.06.2022,16,,IronWolf
09.06.2022,4,99,Red Plus
09.06.2022,6,163,Red Plus
09.06.2022,8,228,Red Plus
09.06.2022,10,279,Red Plus
09.06.2022,12,319,Red Plus
09.06.2022,14,389,Red Plus
10.06.2022,4,85,IronWolf
10.06.2022,6,139,IronWolf
10.06.2022,8,185,IronWolf
10.06.2022,10,270,IronWolf
10.06.2022,12,309,IronWolf
10.06.2022,16,,IronWolf
10.06.2022,4,99,Red Plus
10.06.2022,6,163,Red Plus
10.06.2022,8,228,Red Plus
10.06.2022,10,279,Red Plus
10.06.2022,12,319,Red Plus
10.06.2022,14,389,Red Plus
11.06.2022,4,85,IronWolf
11.06.2022,6,139,IronWolf
11.06.2022,8,185,IronWolf
11.06.2022,10,270,IronWolf
11.06.2022,12,309,IronWolf
11.06.2022,16,,IronWolf
11.06.2022,4,95,Red Plus
11.06.2022,6,163,Red Plus
11.06.2022,8,221,Red Plus
11.06.2022,10,279,Red Plus
11.06.2022,12,319,Red Plus
11.06.2022,14,339,Red Plus
12.06.2022,4,85,IronWolf
12.06.2022,6,139,IronWolf
12.06.2022,8,209,IronWolf
12.06.2022,10,270,IronWolf
12.06.2022,12,309,IronWolf
12.06.2022,16,,IronWolf
12.06.2022,4,95,Red Plus
12.06.2022,6,163,Red Plus
12.06.2022,8,221,Red Plus
12.06.2022,10,279,Red Plus
12.06.2022,12,319,Red Plus
12.06.2022,14,339,Red Plus
13.06.2022,4,85,IronWolf
13.06.2022,6,139,IronWolf
13.06.2022,8,209,IronWolf
13.06.2022,10,270,IronWolf
13.06.2022,12,309,IronWolf
13.06.2022,16,,IronWolf
13.06.2022,4,95,Red Plus
13.06.2022,6,163,Red Plus
13.06.2022,8,221,Red Plus
13.06.2022,10,279,Red Plus
13.06.2022,12,319,Red Plus
13.06.2022,14,339,Red Plus
14.06.2022,4,85,IronWolf
14.06.2022,6,139,IronWolf
14.06.2022,8,215,IronWolf
14.06.2022,10,270,IronWolf
14.06.2022,12,309,IronWolf
14.06.2022,16,,IronWolf
14.06.2022,4,95,Red Plus
14.06.2022,6,163,Red Plus
14.06.2022,8,221,Red Plus
14.06.2022,10,279,Red Plus
14.06.2022,12,319,Red Plus
14.06.2022,14,339,Red Plus
15.06.2022,4,85,IronWolf
15.06.2022,6,139,IronWolf
15.06.2022,8,215,IronWolf
15.06.2022,10,270,IronWolf
15.06.2022,12,309,IronWolf
15.06.2022,16,,IronWolf
15.06.2022,4,95,Red Plus
15.06.2022,6,144,Red Plus
15.06.2022,8,221,Red Plus
15.06.2022,10,279,Red Plus
15.06.2022,12,319,Red Plus
15.06.2022,14,339,Red Plus
16.06.2022,4,85,IronWolf
16.06.2022,6,163,IronWolf
16.06.2022,8,215,IronWolf
16.06.2022,10,270,IronWolf
16.06.2022,12,309,IronWolf
16.06.2022,16,,IronWolf
16.06.2022,4,95,Red Plus
16.06.2022,6,144,Red Plus
16.06.2022,8,221,Red Plus
16.06.2022,10,279,Red Plus
16.06.2022,12,319,Red Plus
16.06.2022,14,345,Red Plus
17.06.2022,4,97,IronWolf
17.06.2022,6,163,IronWolf
17.06.2022,8,215,IronWolf
17.06.2022,10,270,IronWolf
17.06.2022,12,309,IronWolf
17.06.2022,16,,IronWolf
17.06.2022,4,95,Red Plus
17.06.2022,6,144,Red Plus
17.06.2022,8,221,Red Plus
17.06.2022,10,265,Red Plus
17.06.2022,12,319,Red Plus
17.06.2022,14,345,Red Plus
18.06.2022,4,97,IronWolf
18.06.2022,6,163,IronWolf
18.06.2022,8,215,IronWolf
18.06.2022,10,273,IronWolf
18.06.2022,12,309,IronWolf
18.06.2022,16,,IronWolf
18.06.2022,4,95,Red Plus
18.06.2022,6,144,Red Plus
18.06.2022,8,221,Red Plus
18.06.2022,10,257,Red Plus
18.06.2022,12,319,Red Plus
18.06.2022,14,345,Red Plus
19.06.2022,4,97,IronWolf
19.06.2022,6,163,IronWolf
19.06.2022,8,215,IronWolf
19.06.2022,10,265,IronWolf
19.06.2022,12,309,IronWolf
19.06.2022,16,,IronWolf
19.06.2022,4,95,Red Plus
19.06.2022,6,144,Red Plus
19.06.2022,8,221,Red Plus
19.06.2022,10,257,Red Plus
19.06.2022,12,319,Red Plus
19.06.2022,14,345,Red Plus
20.06.2022,4,97,IronWolf
20.06.2022,6,163,IronWolf
20.06.2022,8,215,IronWolf
20.06.2022,10,265,IronWolf
20.06.2022,12,309,IronWolf
20.06.2022,16,,IronWolf
20.06.2022,4,99,Red Plus
20.06.2022,6,163,Red Plus
20.06.2022,8,221,Red Plus
20.06.2022,10,257,Red Plus
20.06.2022,12,319,Red Plus
20.06.2022,14,345,Red Plus
21.06.2022,4,97,IronWolf
21.06.2022,6,163,IronWolf
21.06.2022,8,215,IronWolf
21.06.2022,10,265,IronWolf
21.06.2022,12,309,IronWolf
21.06.2022,16,,IronWolf
21.06.2022,4,99,Red Plus
21.06.2022,6,163,Red Plus
21.06.2022,8,221,Red Plus
21.06.2022,10,257,Red Plus
21.06.2022,12,319,Red Plus
21.06.2022,14,345,Red Plus
22.06.2022,4,97,IronWolf
22.06.2022,6,163,IronWolf
22.06.2022,8,215,IronWolf
22.06.2022,10,265,IronWolf
22.06.2022,12,309,IronWolf
22.06.2022,16,,IronWolf
22.06.2022,4,99,Red Plus
22.06.2022,6,163,Red Plus
22.06.2022,8,221,Red Plus
22.06.2022,10,257,Red Plus
22.06.2022,12,319,Red Plus
22.06.2022,14,345,Red Plus
23.06.2022,4,97,IronWolf
23.06.2022,6,163,IronWolf
23.06.2022,8,215,IronWolf
23.06.2022,10,265,IronWolf
23.06.2022,12,313,IronWolf
23.06.2022,16,,IronWolf
23.06.2022,4,99,Red Plus
23.06.2022,6,163,Red Plus
23.06.2022,8,221,Red Plus
23.06.2022,10,259,Red Plus
23.06.2022,12,319,Red Plus
23.06.2022,14,345,Red Plus
24.06.2022,4,97,IronWolf
24.06.2022,6,163,IronWolf
24.06.2022,8,215,IronWolf
24.06.2022,10,265,IronWolf
24.06.2022,12,313,IronWolf
24.06.2022,16,,IronWolf
24.06.2022,4,99,Red Plus
24.06.2022,6,148,Red Plus
24.06.2022,8,221,Red Plus
24.06.2022,10,257,Red Plus
24.06.2022,12,319,Red Plus
24.06.2022,14,345,Red Plus
25.06.2022,4,97,IronWolf
25.06.2022,6,163,IronWolf
25.06.2022,8,215,IronWolf
25.06.2022,10,265,IronWolf
25.06.2022,12,307,IronWolf
25.06.2022,16,,IronWolf
25.06.2022,4,99,Red Plus
25.06.2022,6,148,Red Plus
25.06.2022,8,221,Red Plus
25.06.2022,10,257,Red Plus
25.06.2022,12,319,Red Plus
25.06.2022,14,345,Red Plus
26.06.2022,4,97,IronWolf
26.06.2022,6,163,IronWolf
26.06.2022,8,215,IronWolf
26.06.2022,10,265,IronWolf
26.06.2022,12,305,IronWolf
26.06.2022,16,,IronWolf
26.06.2022,4,99,Red Plus
26.06.2022,6,148,Red Plus
26.06.2022,8,221,Red Plus
26.06.2022,10,255,Red Plus
26.06.2022,12,319,Red Plus
26.06.2022,14,345,Red Plus
27.06.2022,4,97,IronWolf
27.06.2022,6,163,IronWolf
27.06.2022,8,215,IronWolf
27.06.2022,10,265,IronWolf
27.06.2022,12,305,IronWolf
27.06.2022,16,,IronWolf
27.06.2022,4,99,Red Plus
27.06.2022,6,148,Red Plus
27.06.2022,8,221,Red Plus
27.06.2022,10,255,Red Plus
27.06.2022,12,319,Red Plus
27.06.2022,14,345,Red Plus
28.06.2022,4,97,IronWolf
28.06.2022,6,163,IronWolf
28.06.2022,8,215,IronWolf
28.06.2022,10,265,IronWolf
28.06.2022,12,305,IronWolf
28.06.2022,16,,IronWolf
28.06.2022,4,93.90,Red Plus
28.06.2022,6,148,Red Plus
28.06.2022,8,221,Red Plus
28.06.2022,10,255,Red Plus
28.06.2022,12,319,Red Plus
28.06.2022,14,333,Red Plus
29.06.2022,4,97,IronWolf
29.06.2022,6,163,IronWolf
29.06.2022,8,215,IronWolf
29.06.2022,10,265,IronWolf
29.06.2022,12,308,IronWolf
29.06.2022,16,,IronWolf
29.06.2022,4,93.90,Red Plus
29.06.2022,6,148,Red Plus
29.06.2022,8,221,Red Plus
29.06.2022,10,257,Red Plus
29.06.2022,12,319,Red Plus
29.06.2022,14,333,Red Plus
30.06.2022,4,97,IronWolf
30.06.2022,6,163,IronWolf
30.06.2022,8,215,IronWolf
30.06.2022,10,265,IronWolf
30.06.2022,12,306,IronWolf
30.06.2022,16,,IronWolf
30.06.2022,4,93.90,Red Plus
30.06.2022,6,148,Red Plus
30.06.2022,8,221,Red Plus
30.06.2022,10,256,Red Plus
30.06.2022,12,319,Red Plus
30.06.2022,14,333,Red Plus
01.07.2022,4,97,IronWolf
01.07.2022,6,163,IronWolf
01.07.2022,8,215,IronWolf
01.07.2022,10,265,IronWolf
01.07.2022,12,304,IronWolf
01.07.2022,16,,IronWolf
01.07.2022,4,93.90,Red Plus
01.07.2022,6,148,Red Plus
01.07.2022,8,221,Red Plus
01.07.2022,10,254,Red Plus
01.07.2022,12,319,Red Plus
01.07.2022,14,333,Red Plus
02.07.2022,4,97,IronWolf
02.07.2022,6,163,IronWolf
02.07.2022,8,215,IronWolf
02.07.2022,10,265,IronWolf
02.07.2022,12,302,IronWolf
02.07.2022,16,,IronWolf
02.07.2022,4,93.90,Red Plus
02.07.2022,6,148,Red Plus
02.07.2022,8,221,Red Plus
02.07.2022,10,253,Red Plus
02.07.2022,12,319,Red Plus
02.07.2022,14,333,Red Plus
03.07.2022,4,89.50,IronWolf
03.07.2022,6,156,IronWolf
03.07.2022,8,215,IronWolf
03.07.2022,10,265,IronWolf
03.07.2022,12,304,IronWolf
03.07.2022,16,,IronWolf
03.07.2022,4,93.90,Red Plus
03.07.2022,6,148,Red Plus
03.07.2022,8,221,Red Plus
03.07.2022,10,253,Red Plus
03.07.2022,12,319,Red Plus
03.07.2022,14,333,Red Plus
04.07.2022,4,89.50,IronWolf
04.07.2022,6,156,IronWolf
04.07.2022,8,215,IronWolf
04.07.2022,10,265,IronWolf
04.07.2022,12,304,IronWolf
04.07.2022,16,,IronWolf
04.07.2022,4,99,Red Plus
04.07.2022,6,148,Red Plus
04.07.2022,8,221,Red Plus
04.07.2022,10,255,Red Plus
04.07.2022,12,319,Red Plus
04.07.2022,14,333,Red Plus
05.07.2022,4,89.50,IronWolf
05.07.2022,6,155,IronWolf
05.07.2022,8,215,IronWolf
05.07.2022,10,265,IronWolf
05.07.2022,12,304,IronWolf
05.07.2022,16,,IronWolf
05.07.2022,4,99,Red Plus
05.07.2022,6,150,Red Plus
05.07.2022,8,221,Red Plus
05.07.2022,10,255,Red Plus
05.07.2022,12,319,Red Plus
05.07.2022,14,333,Red Plus
06.07.2022,4,89.50,IronWolf
06.07.2022,6,154,IronWolf
06.07.2022,8,215,IronWolf
06.07.2022,10,265,IronWolf
06.07.2022,12,304,IronWolf
06.07.2022,16,,IronWolf
06.07.2022,4,99,Red Plus
06.07.2022,6,150,Red Plus
06.07.2022,8,221,Red Plus
06.07.2022,10,255,Red Plus
06.07.2022,12,319,Red Plus
06.07.2022,14,333,Red Plus
07.07.2022,4,94,IronWolf
07.07.2022,6,156,IronWolf
07.07.2022,8,215,IronWolf
07.07.2022,10,265,IronWolf
07.07.2022,12,301,IronWolf
07.07.2022,16,,IronWolf
07.07.2022,4,99,Red Plus
07.07.2022,6,164,Red Plus
07.07.2022,8,221,Red Plus
07.07.2022,10,252,Red Plus
07.07.2022,12,319,Red Plus
07.07.2022,14,333,Red Plus
08.07.2022,4,94,IronWolf
08.07.2022,6,156,IronWolf
08.07.2022,8,215,IronWolf
08.07.2022,10,265,IronWolf
08.07.2022,12,300,IronWolf
08.07.2022,16,,IronWolf
08.07.2022,4,99,Red Plus
08.07.2022,6,164,Red Plus
08.07.2022,8,221,Red Plus
08.07.2022,10,251,Red Plus
08.07.2022,12,319,Red Plus
08.07.2022,14,333,Red Plus
09.07.2022,4,97,IronWolf
09.07.2022,6,155,IronWolf
09.07.2022,8,200,IronWolf
09.07.2022,10,265,IronWolf
09.07.2022,12,301,IronWolf
09.07.2022,16,,IronWolf
09.07.2022,4,99,Red Plus
09.07.2022,6,164,Red Plus
09.07.2022,8,221,Red Plus
09.07.2022,10,257,Red Plus
09.07.2022,12,319,Red Plus
09.07.2022,14,333,Red Plus
10.07.2022,4,97,IronWolf
10.07.2022,6,156,IronWolf
10.07.2022,8,200,IronWolf
10.07.2022,10,271,IronWolf
10.07.2022,12,301,IronWolf
10.07.2022,16,,IronWolf
10.07.2022,4,99,Red Plus
10.07.2022,6,164,Red Plus
10.07.2022,8,221,Red Plus
10.07.2022,10,257,Red Plus
10.07.2022,12,319,Red Plus
10.07.2022,14,333,Red Plus
11.07.2022,4,97,IronWolf
11.07.2022,6,154,IronWolf
11.07.2022,8,200,IronWolf
11.07.2022,10,271,IronWolf
11.07.2022,12,301,IronWolf
11.07.2022,16,,IronWolf
11.07.2022,4,99,Red Plus
11.07.2022,6,164,Red Plus
11.07.2022,8,221,Red Plus
11.07.2022,10,257,Red Plus
11.07.2022,12,319,Red Plus
11.07.2022,14,333,Red Plus
12.07.2022,4,97,IronWolf
12.07.2022,6,156,IronWolf
12.07.2022,8,200,IronWolf
12.07.2022,10,271,IronWolf
12.07.2022,12,301,IronWolf
12.07.2022,16,,IronWolf
12.07.2022,4,99,Red Plus
12.07.2022,6,164,Red Plus
12.07.2022,8,221,Red Plus
12.07.2022,10,257,Red Plus
12.07.2022,12,319,Red Plus
12.07.2022,14,333,Red Plus
13.07.2022,4,97,IronWolf
13.07.2022,6,156,IronWolf
13.07.2022,8,200,IronWolf
13.07.2022,10,271,IronWolf
13.07.2022,12,301,IronWolf
13.07.2022,16,,IronWolf
13.07.2022,4,99,Red Plus
13.07.2022,6,164,Red Plus
13.07.2022,8,221,Red Plus
13.07.2022,10,257,Red Plus
13.07.2022,12,319,Red Plus
13.07.2022,14,333,Red Plus
14.07.2022,4,97,IronWolf
14.07.2022,6,152,IronWolf
14.07.2022,8,200,IronWolf
14.07.2022,10,265,IronWolf
14.07.2022,12,300,IronWolf
14.07.2022,16,,IronWolf
14.07.2022,4,99,Red Plus
14.07.2022,6,164,Red Plus
14.07.2022,8,221,Red Plus
14.07.2022,10,265,Red Plus
14.07.2022,12,319,Red Plus
14.07.2022,14,333,Red Plus
15.07.2022,4,97,IronWolf
15.07.2022,6,151,IronWolf
15.07.2022,8,200,IronWolf
15.07.2022,10,265,IronWolf
15.07.2022,12,298,IronWolf
15.07.2022,16,,IronWolf
15.07.2022,4,99,Red Plus
15.07.2022,6,164,Red Plus
15.07.2022,8,221,Red Plus
15.07.2022,10,263,Red Plus
15.07.2022,12,319,Red Plus
15.07.2022,14,333,Red Plus
16.07.2022,4,97,IronWolf
16.07.2022,6,154,IronWolf
16.07.2022,8,200,IronWolf
16.07.2022,10,265,IronWolf
16.07.2022,12,298,IronWolf
16.07.2022,16,,IronWolf
16.07.2022,4,99,Red Plus
16.07.2022,6,164,Red Plus
16.07.2022,8,221,Red Plus
16.07.2022,10,263,Red Plus
16.07.2022,12,319,Red Plus
16.07.2022,14,333,Red Plus
17.07.2022,4,97,IronWolf
17.07.2022,6,153,IronWolf
17.07.2022,8,200,IronWolf
17.07.2022,10,265,IronWolf
17.07.2022,12,298,IronWolf
17.07.2022,16,,IronWolf
17.07.2022,4,99,Red Plus
17.07.2022,6,164,Red Plus
17.07.2022,8,223,Red Plus
17.07.2022,10,264,Red Plus
17.07.2022,12,319,Red Plus
17.07.2022,14,333,Red Plus
18.07.2022,4,97,IronWolf
18.07.2022,6,156,IronWolf
18.07.2022,8,201,IronWolf
18.07.2022,10,265,IronWolf
18.07.2022,12,298,IronWolf
18.07.2022,16,,IronWolf
18.07.2022,4,99,Red Plus
18.07.2022,6,164,Red Plus
18.07.2022,8,223,Red Plus
18.07.2022,10,264,Red Plus
18.07.2022,12,319,Red Plus
18.07.2022,14,333,Red Plus
19.07.2022,4,97,IronWolf
19.07.2022,6,151,IronWolf
19.07.2022,8,201,IronWolf
19.07.2022,10,265,IronWolf
19.07.2022,12,298,IronWolf
19.07.2022,16,,IronWolf
19.07.2022,4,99,Red Plus
19.07.2022,6,164,Red Plus
19.07.2022,8,223,Red Plus
19.07.2022,10,264,Red Plus
19.07.2022,12,319,Red Plus
19.07.2022,14,333,Red Plus
20.07.2022,4,97,IronWolf
20.07.2022,6,151,IronWolf
20.07.2022,8,202,IronWolf
20.07.2022,10,265,IronWolf
20.07.2022,12,298,IronWolf
20.07.2022,16,,IronWolf
20.07.2022,4,99,Red Plus
20.07.2022,6,164,Red Plus
20.07.2022,8,225,Red Plus
20.07.2022,10,265,Red Plus
20.07.2022,12,319,Red Plus
20.07.2022,14,333,Red Plus
21.07.2022,4,97,IronWolf
21.07.2022,6,151,IronWolf
21.07.2022,8,200,IronWolf
21.07.2022,10,265,IronWolf
21.07.2022,12,311,IronWolf
21.07.2022,16,,IronWolf
21.07.2022,4,99,Red Plus
21.07.2022,6,149,Red Plus
21.07.2022,8,220,Red Plus
21.07.2022,10,265,Red Plus
21.07.2022,12,319,Red Plus
21.07.2022,14,333,Red Plus
22.07.2022,4,97,IronWolf
22.07.2022,6,154,IronWolf
22.07.2022,8,200,IronWolf
22.07.2022,10,265,IronWolf
22.07.2022,12,311,IronWolf
22.07.2022,16,,IronWolf
22.07.2022,4,99,Red Plus
22.07.2022,6,149,Red Plus
22.07.2022,8,220,Red Plus
22.07.2022,10,265,Red Plus
22.07.2022,12,319,Red Plus
22.07.2022,14,375,Red Plus
23.07.2022,4,97,IronWolf
23.07.2022,6,154,IronWolf
23.07.2022,8,200,IronWolf
23.07.2022,10,265,IronWolf
23.07.2022,12,311,IronWolf
23.07.2022,16,,IronWolf
23.07.2022,4,99,Red Plus
23.07.2022,6,149,Red Plus
23.07.2022,8,221,Red Plus
23.07.2022,10,266,Red Plus
23.07.2022,12,319,Red Plus
23.07.2022,14,370,Red Plus
24.07.2022,4,97,IronWolf
24.07.2022,6,151,IronWolf
24.07.2022,8,200,IronWolf
24.07.2022,10,265,IronWolf
24.07.2022,12,311,IronWolf
24.07.2022,16,,IronWolf
24.07.2022,4,99,Red Plus
24.07.2022,6,152,Red Plus
24.07.2022,8,220,Red Plus
24.07.2022,10,263,Red Plus
24.07.2022,12,319,Red Plus
24.07.2022,14,367,Red Plus
25.07.2022,4,97,IronWolf
25.07.2022,6,154,IronWolf
25.07.2022,8,200,IronWolf
25.07.2022,10,265,IronWolf
25.07.2022,12,311,IronWolf
25.07.2022,16,,IronWolf
25.07.2022,4,99,Red Plus
25.07.2022,6,152,Red Plus
25.07.2022,8,223,Red Plus
25.07.2022,10,263,Red Plus
25.07.2022,12,319,Red Plus
25.07.2022,14,367,Red Plus
26.07.2022,4,97,IronWolf
26.07.2022,6,151,IronWolf
26.07.2022,8,200,IronWolf
26.07.2022,10,265,IronWolf
26.07.2022,12,311,IronWolf
26.07.2022,16,,IronWolf
26.07.2022,4,91.70,Red Plus
26.07.2022,6,152,Red Plus
26.07.2022,8,219,Red Plus
26.07.2022,10,265,Red Plus
26.07.2022,12,319,Red Plus
26.07.2022,14,366,Red Plus
27.07.2022,4,97,IronWolf
27.07.2022,6,151,IronWolf
27.07.2022,8,200,IronWolf
27.07.2022,10,265,IronWolf
27.07.2022,12,305,IronWolf
27.07.2022,16,,IronWolf
27.07.2022,4,93,Red Plus
27.07.2022,6,149,Red Plus
27.07.2022,8,219,Red Plus
27.07.2022,10,253,Red Plus
27.07.2022,12,319,Red Plus
27.07.2022,14,366,Red Plus
28.07.2022,4,97,IronWolf
28.07.2022,6,154,IronWolf
28.07.2022,8,200,IronWolf
28.07.2022,10,265,IronWolf
28.07.2022,12,305,IronWolf
28.07.2022,16,,IronWolf
28.07.2022,4,97,Red Plus
28.07.2022,6,152,Red Plus
28.07.2022,8,219,Red Plus
28.07.2022,10,263,Red Plus
28.07.2022,12,319,Red Plus
28.07.2022,14,365,Red Plus
29.07.2022,4,95,IronWolf
29.07.2022,6,151,IronWolf
29.07.2022,8,200,IronWolf
29.07.2022,10,265,IronWolf
29.07.2022,12,306,IronWolf
29.07.2022,16,,IronWolf
29.07.2022,4,97,Red Plus
29.07.2022,6,152,Red Plus
29.07.2022,8,222,Red Plus
29.07.2022,10,263,Red Plus
29.07.2022,12,319,Red Plus
29.07.2022,14,365,Red Plus
30.07.2022,4,95,IronWolf
30.07.2022,6,151,IronWolf
30.07.2022,8,201,IronWolf
30.07.2022,10,265,IronWolf
30.07.2022,12,303,IronWolf
30.07.2022,16,,IronWolf
30.07.2022,4,97,Red Plus
30.07.2022,6,152,Red Plus
30.07.2022,8,220,Red Plus
30.07.2022,10,265,Red Plus
30.07.2022,12,303,Red Plus
30.07.2022,14,364,Red Plus
31.07.2022,4,93.40,IronWolf
31.07.2022,6,142,IronWolf
31.07.2022,8,201,IronWolf
31.07.2022,10,265,IronWolf
31.07.2022,12,298,IronWolf
31.07.2022,16,,IronWolf
31.07.2022,4,97,Red Plus
31.07.2022,6,152,Red Plus
31.07.2022,8,218,Red Plus
31.07.2022,10,268,Red Plus
31.07.2022,12,303,Red Plus
31.07.2022,14,364,Red Plus
01.08.2022,4,93.40,IronWolf
01.08.2022,6,143,IronWolf
01.08.2022,8,202,IronWolf
01.08.2022,10,265,IronWolf
01.08.2022,12,298,IronWolf
01.08.2022,16,,IronWolf
01.08.2022,4,97,Red Plus
01.08.2022,6,152,Red Plus
01.08.2022,8,218,Red Plus
01.08.2022,10,268,Red Plus
01.08.2022,12,303,Red Plus
01.08.2022,14,364,Red Plus
02.08.2022,4,92.40,IronWolf
02.08.2022,6,154,IronWolf
02.08.2022,8,202,IronWolf
02.08.2022,10,265,IronWolf
02.08.2022,12,298,IronWolf
02.08.2022,16,,IronWolf
02.08.2022,4,97,Red Plus
02.08.2022,6,149,Red Plus
02.08.2022,8,219,Red Plus
02.08.2022,10,268,Red Plus
02.08.2022,12,303,Red Plus
02.08.2022,14,364,Red Plus
03.08.2022,4,91.40,IronWolf
03.08.2022,6,154,IronWolf
03.08.2022,8,202,IronWolf
03.08.2022,10,265,IronWolf
03.08.2022,12,299,IronWolf
03.08.2022,16,,IronWolf
03.08.2022,4,97,Red Plus
03.08.2022,6,149,Red Plus
03.08.2022,8,218,Red Plus
03.08.2022,10,267,Red Plus
03.08.2022,12,297,Red Plus
03.08.2022,14,364,Red Plus
04.08.2022,4,90.40,IronWolf
04.08.2022,6,151,IronWolf
04.08.2022,8,201,IronWolf
04.08.2022,10,265,IronWolf
04.08.2022,12,288,IronWolf
04.08.2022,16,,IronWolf
04.08.2022,4,97,Red Plus
04.08.2022,6,147,Red Plus
04.08.2022,8,219,Red Plus
04.08.2022,10,267,Red Plus
04.08.2022,12,300,Red Plus
04.08.2022,14,377,Red Plus
05.08.2022,4,89.80,IronWolf
05.08.2022,6,151,IronWolf
05.08.2022,8,201,IronWolf
05.08.2022,10,265,IronWolf
05.08.2022,12,288,IronWolf
05.08.2022,16,,IronWolf
05.08.2022,4,97,Red Plus
05.08.2022,6,149,Red Plus
05.08.2022,8,219,Red Plus
05.08.2022,10,268,Red Plus
05.08.2022,12,301,Red Plus
05.08.2022,14,377,Red Plus
06.08.2022,4,89.90,IronWolf
06.08.2022,6,151,IronWolf
06.08.2022,8,205,IronWolf
06.08.2022,10,265,IronWolf
06.08.2022,12,295,IronWolf
06.08.2022,16,,IronWolf
06.08.2022,4,97,Red Plus
06.08.2022,6,146,Red Plus
06.08.2022,8,221,Red Plus
06.08.2022,10,268,Red Plus
06.08.2022,12,297,Red Plus
06.08.2022,14,386,Red Plus
07.08.2022,4,89.90,IronWolf
07.08.2022,6,151,IronWolf
07.08.2022,8,205,IronWolf
07.08.2022,10,265,IronWolf
07.08.2022,12,295,IronWolf
07.08.2022,16,,IronWolf
07.08.2022,4,97,Red Plus
07.08.2022,6,149,Red Plus
07.08.2022,8,224,Red Plus
07.08.2022,10,268,Red Plus
07.08.2022,12,297,Red Plus
07.08.2022,14,386,Red Plus
08.08.2022,4,89.90,IronWolf
08.08.2022,6,151,IronWolf
08.08.2022,8,205,IronWolf
08.08.2022,10,265,IronWolf
08.08.2022,12,295,IronWolf
08.08.2022,16,,IronWolf
08.08.2022,4,97,Red Plus
08.08.2022,6,149,Red Plus
08.08.2022,8,224,Red Plus
08.08.2022,10,268,Red Plus
08.08.2022,12,297,Red Plus
08.08.2022,14,386,Red Plus
09.08.2022,4,90.60,IronWolf
09.08.2022,6,151,IronWolf
09.08.2022,8,205,IronWolf
09.08.2022,10,265,IronWolf
09.08.2022,12,295,IronWolf
09.08.2022,16,,IronWolf
09.08.2022,4,97,Red Plus
09.08.2022,6,149,Red Plus
09.08.2022,8,225,Red Plus
09.08.2022,10,268,Red Plus
09.08.2022,12,303,Red Plus
09.08.2022,14,386,Red Plus
10.08.2022,4,90.60,IronWolf
10.08.2022,6,151,IronWolf
10.08.2022,8,205,IronWolf
10.08.2022,10,265,IronWolf
10.08.2022,12,295,IronWolf
10.08.2022,16,,IronWolf
10.08.2022,4,97,Red Plus
10.08.2022,6,149,Red Plus
10.08.2022,8,226,Red Plus
10.08.2022,10,268,Red Plus
10.08.2022,12,304,Red Plus
10.08.2022,14,380,Red Plus
11.08.2022,4,90.60,IronWolf
11.08.2022,6,154,IronWolf
11.08.2022,8,205,IronWolf
11.08.2022,10,265,IronWolf
11.08.2022,12,295,IronWolf
11.08.2022,16,,IronWolf
11.08.2022,4,97,Red Plus
11.08.2022,6,148,Red Plus
11.08.2022,8,217,Red Plus
11.08.2022,10,268,Red Plus
11.08.2022,12,304,Red Plus
11.08.2022,14,380,Red Plus
12.08.2022,4,91.60,IronWolf
12.08.2022,6,158,IronWolf
12.08.2022,8,205,IronWolf
12.08.2022,10,265,IronWolf
12.08.2022,12,295,IronWolf
12.08.2022,16,,IronWolf
12.08.2022,4,97,Red Plus
12.08.2022,6,149,Red Plus
12.08.2022,8,217,Red Plus
12.08.2022,10,258,Red Plus
12.08.2022,12,294,Red Plus
12.08.2022,14,370,Red Plus
13.08.2022,4,92.60,IronWolf
13.08.2022,6,158,IronWolf
13.08.2022,8,205,IronWolf
13.08.2022,10,265,IronWolf
13.08.2022,12,295,IronWolf
13.08.2022,16,,IronWolf
13.08.2022,4,97,Red Plus
13.08.2022,6,149,Red Plus
13.08.2022,8,216,Red Plus
13.08.2022,10,258,Red Plus
13.08.2022,12,294,Red Plus
13.08.2022,14,370,Red Plus
14.08.2022,4,93.60,IronWolf
14.08.2022,6,158,IronWolf
14.08.2022,8,205,IronWolf
14.08.2022,10,265,IronWolf
14.08.2022,12,295,IronWolf
14.08.2022,16,,IronWolf
14.08.2022,4,97,Red Plus
14.08.2022,6,146,Red Plus
14.08.2022,8,217,Red Plus
14.08.2022,10,258,Red Plus
14.08.2022,12,291,Red Plus
14.08.2022,14,370,Red Plus
15.08.2022,4,94.60,IronWolf
15.08.2022,6,158,IronWolf
15.08.2022,8,205,IronWolf
15.08.2022,10,265,IronWolf
15.08.2022,12,295,IronWolf
15.08.2022,16,,IronWolf
15.08.2022,4,97,Red Plus
15.08.2022,6,149,Red Plus
15.08.2022,8,217,Red Plus
15.08.2022,10,258,Red Plus
15.08.2022,12,288,Red Plus
15.08.2022,14,370,Red Plus
16.08.2022,4,89,IronWolf
16.08.2022,6,158,IronWolf
16.08.2022,8,205,IronWolf
16.08.2022,10,265,IronWolf
16.08.2022,12,295,IronWolf
16.08.2022,16,,IronWolf
16.08.2022,4,97,Red Plus
16.08.2022,6,149,Red Plus
16.08.2022,8,215,Red Plus
16.08.2022,10,258,Red Plus
16.08.2022,12,288,Red Plus
16.08.2022,14,370,Red Plus
17.08.2022,4,90.60,IronWolf
17.08.2022,6,158,IronWolf
17.08.2022,8,205,IronWolf
17.08.2022,10,265,IronWolf
17.08.2022,12,295,IronWolf
17.08.2022,16,,IronWolf
17.08.2022,4,97,Red Plus
17.08.2022,6,149,Red Plus
17.08.2022,8,215,Red Plus
17.08.2022,10,257,Red Plus
17.08.2022,12,288,Red Plus
17.08.2022,14,367,Red Plus
18.08.2022,4,90.60,IronWolf
18.08.2022,6,158,IronWolf
18.08.2022,8,205,IronWolf
18.08.2022,10,265,IronWolf
18.08.2022,12,295,IronWolf
18.08.2022,16,,IronWolf
18.08.2022,4,97,Red Plus
18.08.2022,6,149,Red Plus
18.08.2022,8,215,Red Plus
18.08.2022,10,257,Red Plus
18.08.2022,12,297,Red Plus
18.08.2022,14,369,Red Plus
19.08.2022,4,89,IronWolf
19.08.2022,6,158,IronWolf
19.08.2022,8,205,IronWolf
19.08.2022,10,265,IronWolf
19.08.2022,12,295,IronWolf
19.08.2022,16,,IronWolf
19.08.2022,4,97,Red Plus
19.08.2022,6,146,Red Plus
19.08.2022,8,215,Red Plus
19.08.2022,10,258,Red Plus
19.08.2022,12,294,Red Plus
19.08.2022,14,370,Red Plus
20.08.2022,4,90.60,IronWolf
20.08.2022,6,158,IronWolf
20.08.2022,8,205,IronWolf
20.08.2022,10,265,IronWolf
20.08.2022,12,295,IronWolf
20.08.2022,16,,IronWolf
20.08.2022,4,97,Red Plus
20.08.2022,6,149,Red Plus
20.08.2022,8,215,Red Plus
20.08.2022,10,258,Red Plus
20.08.2022,12,300,Red Plus
20.08.2022,14,363,Red Plus
21.08.2022,4,90.60,IronWolf
21.08.2022,6,158,IronWolf
21.08.2022,8,205,IronWolf
21.08.2022,10,265,IronWolf
21.08.2022,12,295,IronWolf
21.08.2022,16,,IronWolf
21.08.2022,4,97,Red Plus
21.08.2022,6,149,Red Plus
21.08.2022,8,215,Red Plus
21.08.2022,10,257,Red Plus
21.08.2022,12,300,Red Plus
21.08.2022,14,363,Red Plus
22.08.2022,4,90.60,IronWolf
22.08.2022,6,139,IronWolf
22.08.2022,8,179,IronWolf
22.08.2022,10,265,IronWolf
22.08.2022,12,255,IronWolf
22.08.2022,16,,IronWolf
22.08.2022,4,97,Red Plus
22.08.2022,6,149,Red Plus
22.08.2022,8,221,Red Plus
22.08.2022,10,257,Red Plus
22.08.2022,12,300,Red Plus
22.08.2022,14,363,Red Plus
23.08.2022,4,90.80,IronWolf
23.08.2022,6,139,IronWolf
23.08.2022,8,179,IronWolf
23.08.2022,10,265,IronWolf
23.08.2022,12,255,IronWolf
23.08.2022,16,,IronWolf
23.08.2022,4,97,Red Plus
23.08.2022,6,149,Red Plus
23.08.2022,8,222,Red Plus
23.08.2022,10,257,Red Plus
23.08.2022,12,300,Red Plus
23.08.2022,14,363,Red Plus
24.08.2022,4,94.60,IronWolf
24.08.2022,6,139,IronWolf
24.08.2022,8,179,IronWolf
24.08.2022,10,265,IronWolf
24.08.2022,12,255,IronWolf
24.08.2022,16,,IronWolf
24.08.2022,4,97,Red Plus
24.08.2022,6,146,Red Plus
24.08.2022,8,214,Red Plus
24.08.2022,10,257,Red Plus
24.08.2022,12,294,Red Plus
24.08.2022,14,363,Red Plus
25.08.2022,4,94.60,IronWolf
25.08.2022,6,139,IronWolf
25.08.2022,8,179,IronWolf
25.08.2022,10,265,IronWolf
25.08.2022,12,295,IronWolf
25.08.2022,16,,IronWolf
25.08.2022,4,97,Red Plus
25.08.2022,6,149,Red Plus
25.08.2022,8,213,Red Plus
25.08.2022,10,257,Red Plus
25.08.2022,12,299,Red Plus
25.08.2022,14,363,Red Plus
26.08.2022,4,94.60,IronWolf
26.08.2022,6,139,IronWolf
26.08.2022,8,205,IronWolf
26.08.2022,10,265,IronWolf
26.08.2022,12,295,IronWolf
26.08.2022,16,,IronWolf
26.08.2022,4,97,Red Plus
26.08.2022,6,149,Red Plus
26.08.2022,8,210,Red Plus
26.08.2022,10,258,Red Plus
26.08.2022,12,299,Red Plus
26.08.2022,14,363,Red Plus
27.08.2022,4,94.60,IronWolf
27.08.2022,6,139,IronWolf
27.08.2022,8,205,IronWolf
27.08.2022,10,269,IronWolf
27.08.2022,12,295,IronWolf
27.08.2022,16,,IronWolf
27.08.2022,4,93,Red Plus
27.08.2022,6,149,Red Plus
27.08.2022,8,210,Red Plus
27.08.2022,10,258,Red Plus
27.08.2022,12,299,Red Plus
27.08.2022,14,363,Red Plus
28.08.2022,4,94.60,IronWolf
28.08.2022,6,139,IronWolf
28.08.2022,8,205,IronWolf
28.08.2022,10,269,IronWolf
28.08.2022,12,295,IronWolf
28.08.2022,16,,IronWolf
28.08.2022,4,93,Red Plus
28.08.2022,6,149,Red Plus
28.08.2022,8,210,Red Plus
28.08.2022,10,258,Red Plus
28.08.2022,12,299,Red Plus
28.08.2022,14,363,Red Plus
29.08.2022,4,94.60,IronWolf
29.08.2022,6,139,IronWolf
29.08.2022,8,205,IronWolf
29.08.2022,10,269,IronWolf
29.08.2022,12,295,IronWolf
29.08.2022,16,,IronWolf
29.08.2022,4,93,Red Plus
29.08.2022,6,149,Red Plus
29.08.2022,8,211,Red Plus
29.08.2022,10,232,Red Plus
29.08.2022,12,299,Red Plus
29.08.2022,14,363,Red Plus
30.08.2022,4,94.60,IronWolf
30.08.2022,6,158,IronWolf
30.08.2022,8,205,IronWolf
30.08.2022,10,269,IronWolf
30.08.2022,12,295,IronWolf
30.08.2022,16,,IronWolf
30.08.2022,4,93,Red Plus
30.08.2022,6,149,Red Plus
30.08.2022,8,211,Red Plus
30.08.2022,10,258,Red Plus
30.08.2022,12,299,Red Plus
30.08.2022,14,360,Red Plus
31.08.2022,4,94.60,IronWolf
31.08.2022,6,158,IronWolf
31.08.2022,8,205,IronWolf
31.08.2022,10,265,IronWolf
31.08.2022,12,295,IronWolf
31.08.2022,16,,IronWolf
31.08.2022,4,93,Red Plus
31.08.2022,6,149,Red Plus
31.08.2022,8,211,Red Plus
31.08.2022,10,258,Red Plus
31.08.2022,12,293,Red Plus
31.08.2022,14,368,Red Plus
01.09.2022,4,99.90,IronWolf
01.09.2022,6,158,IronWolf
01.09.2022,8,205,IronWolf
01.09.2022,10,265,IronWolf
01.09.2022,12,295,IronWolf
01.09.2022,16,,IronWolf
01.09.2022,4,93,Red Plus
01.09.2022,6,146,Red Plus
01.09.2022,8,211,Red Plus
01.09.2022,10,258,Red Plus
01.09.2022,12,293,Red Plus
01.09.2022,14,368,Red Plus
02.09.2022,4,99.90,IronWolf
02.09.2022,6,158,IronWolf
02.09.2022,8,205,IronWolf
02.09.2022,10,265,IronWolf
02.09.2022,12,295,IronWolf
02.09.2022,16,,IronWolf
02.09.2022,4,93,Red Plus
02.09.2022,6,146,Red Plus
02.09.2022,8,212,Red Plus
02.09.2022,10,258,Red Plus
02.09.2022,12,293,Red Plus
02.09.2022,14,368,Red Plus
03.09.2022,4,94.60,IronWolf
03.09.2022,6,158,IronWolf
03.09.2022,8,205,IronWolf
03.09.2022,10,265,IronWolf
03.09.2022,12,295,IronWolf
03.09.2022,16,,IronWolf
03.09.2022,4,93,Red Plus
03.09.2022,6,146,Red Plus
03.09.2022,8,212,Red Plus
03.09.2022,10,258,Red Plus
03.09.2022,12,293,Red Plus
03.09.2022,14,368,Red Plus
04.09.2022,4,94.60,IronWolf
04.09.2022,6,158,IronWolf
04.09.2022,8,205,IronWolf
04.09.2022,10,265,IronWolf
04.09.2022,12,295,IronWolf
04.09.2022,16,,IronWolf
04.09.2022,4,93,Red Plus
04.09.2022,6,160,Red Plus
04.09.2022,8,214,Red Plus
04.09.2022,10,269,Red Plus
04.09.2022,12,300,Red Plus
04.09.2022,14,368,Red Plus
05.09.2022,4,94.60,IronWolf
05.09.2022,6,154,IronWolf
05.09.2022,8,208,IronWolf
05.09.2022,10,265,IronWolf
05.09.2022,12,283,IronWolf
05.09.2022,16,,IronWolf
05.09.2022,4,93,Red Plus
05.09.2022,6,160,Red Plus
05.09.2022,8,214,Red Plus
05.09.2022,10,269,Red Plus
05.09.2022,12,300,Red Plus
05.09.2022,14,368,Red Plus
06.09.2022,4,90.80,IronWolf
06.09.2022,6,161,IronWolf
06.09.2022,8,208,IronWolf
06.09.2022,10,265,IronWolf
06.09.2022,12,283,IronWolf
06.09.2022,16,,IronWolf
06.09.2022,4,93,Red Plus
06.09.2022,6,160,Red Plus
06.09.2022,8,214,Red Plus
06.09.2022,10,258,Red Plus
06.09.2022,12,300,Red Plus
06.09.2022,14,370,Red Plus
07.09.2022,4,90.40,IronWolf
07.09.2022,6,161,IronWolf
07.09.2022,8,208,IronWolf
07.09.2022,10,265,IronWolf
07.09.2022,12,283,IronWolf
07.09.2022,16,,IronWolf
07.09.2022,4,93,Red Plus
07.09.2022,6,160,Red Plus
07.09.2022,8,214,Red Plus
07.09.2022,10,258,Red Plus
07.09.2022,12,299,Red Plus
07.09.2022,14,368,Red Plus
08.09.2022,4,91,IronWolf
08.09.2022,6,151,IronWolf
08.09.2022,8,208,IronWolf
08.09.2022,10,265,IronWolf
08.09.2022,12,283,IronWolf
08.09.2022,16,,IronWolf
08.09.2022,4,94,Red Plus
08.09.2022,6,160,Red Plus
08.09.2022,8,217,Red Plus
08.09.2022,10,258,Red Plus
08.09.2022,12,294,Red Plus
08.09.2022,14,368,Red Plus
09.09.2022,4,91.30,IronWolf
09.09.2022,6,155,IronWolf
09.09.2022,8,208,IronWolf
09.09.2022,10,265,IronWolf
09.09.2022,12,283,IronWolf
09.09.2022,16,,IronWolf
09.09.2022,4,94,Red Plus
09.09.2022,6,160,Red Plus
09.09.2022,8,217,Red Plus
09.09.2022,10,258,Red Plus
09.09.2022,12,294,Red Plus
09.09.2022,14,361,Red Plus
10.09.2022,4,90.80,IronWolf
10.09.2022,6,158,IronWolf
10.09.2022,8,209,IronWolf
10.09.2022,10,265,IronWolf
10.09.2022,12,286,IronWolf
10.09.2022,16,,IronWolf
10.09.2022,4,94,Red Plus
10.09.2022,6,160,Red Plus
10.09.2022,8,217,Red Plus
10.09.2022,10,258,Red Plus
10.09.2022,12,294,Red Plus
10.09.2022,14,358,Red Plus
11.09.2022,4,90.80,IronWolf
11.09.2022,6,158,IronWolf
11.09.2022,8,208,IronWolf
11.09.2022,10,265,IronWolf
11.09.2022,12,290,IronWolf
11.09.2022,16,,IronWolf
11.09.2022,4,94,Red Plus
11.09.2022,6,149,Red Plus
11.09.2022,8,217,Red Plus
11.09.2022,10,258,Red Plus
11.09.2022,12,294,Red Plus
11.09.2022,14,358,Red Plus
12.09.2022,4,90.80,IronWolf
12.09.2022,6,158,IronWolf
12.09.2022,8,208,IronWolf
12.09.2022,10,265,IronWolf
12.09.2022,12,290,IronWolf
12.09.2022,16,,IronWolf
12.09.2022,4,94,Red Plus
12.09.2022,6,149,Red Plus
12.09.2022,8,217,Red Plus
12.09.2022,10,258,Red Plus
12.09.2022,12,294,Red Plus
12.09.2022,14,358,Red Plus
13.09.2022,4,93,IronWolf
13.09.2022,6,158,IronWolf
13.09.2022,8,207,IronWolf
13.09.2022,10,265,IronWolf
13.09.2022,12,290,IronWolf
13.09.2022,16,,IronWolf
13.09.2022,4,94,Red Plus
13.09.2022,6,149,Red Plus
13.09.2022,8,217,Red Plus
13.09.2022,10,258,Red Plus
13.09.2022,12,294,Red Plus
13.09.2022,14,358,Red Plus
14.09.2022,4,93,IronWolf
14.09.2022,6,158,IronWolf
14.09.2022,8,208,IronWolf
14.09.2022,10,265,IronWolf
14.09.2022,12,277,IronWolf
14.09.2022,16,,IronWolf
14.09.2022,4,94,Red Plus
14.09.2022,6,146,Red Plus
14.09.2022,8,217,Red Plus
14.09.2022,10,258,Red Plus
14.09.2022,12,294,Red Plus
14.09.2022,14,358,Red Plus
15.09.2022,4,93,IronWolf
15.09.2022,6,158,IronWolf
15.09.2022,8,208,IronWolf
15.09.2022,10,265,IronWolf
15.09.2022,12,282,IronWolf
15.09.2022,16,,IronWolf
15.09.2022,4,94,Red Plus
15.09.2022,6,146,Red Plus
15.09.2022,8,217,Red Plus
15.09.2022,10,258,Red Plus
15.09.2022,12,294,Red Plus
15.09.2022,14,369,Red Plus
16.09.2022,4,93,IronWolf
16.09.2022,6,158,IronWolf
16.09.2022,8,206,IronWolf
16.09.2022,10,265,IronWolf
16.09.2022,12,281,IronWolf
16.09.2022,16,,IronWolf
16.09.2022,4,94,Red Plus
16.09.2022,6,149,Red Plus
16.09.2022,8,217,Red Plus
16.09.2022,10,258,Red Plus
16.09.2022,12,294,Red Plus
16.09.2022,14,369,Red Plus
17.09.2022,4,93,IronWolf
17.09.2022,6,158,IronWolf
17.09.2022,8,206,IronWolf
17.09.2022,10,265,IronWolf
17.09.2022,12,280,IronWolf
17.09.2022,16,,IronWolf
17.09.2022,4,94,Red Plus
17.09.2022,6,149,Red Plus
17.09.2022,8,217,Red Plus
17.09.2022,10,258,Red Plus
17.09.2022,12,294,Red Plus
17.09.2022,14,369,Red Plus
18.09.2022,4,93,IronWolf
18.09.2022,6,158,IronWolf
18.09.2022,8,206,IronWolf
18.09.2022,10,265,IronWolf
18.09.2022,12,280,IronWolf
18.09.2022,16,,IronWolf
18.09.2022,4,99.80,Red Plus
18.09.2022,6,149,Red Plus
18.09.2022,8,217,Red Plus
18.09.2022,10,258,Red Plus
18.09.2022,12,294,Red Plus
18.09.2022,14,369,Red Plus
19.09.2022,4,93,IronWolf
19.09.2022,6,158,IronWolf
19.09.2022,8,206,IronWolf
19.09.2022,10,265,IronWolf
19.09.2022,12,280,IronWolf
19.09.2022,16,,IronWolf
19.09.2022,4,99.80,Red Plus
19.09.2022,6,149,Red Plus
19.09.2022,8,217,Red Plus
19.09.2022,10,258,Red Plus
19.09.2022,12,294,Red Plus
19.09.2022,14,369,Red Plus
20.09.2022,4,93,IronWolf
20.09.2022,6,158,IronWolf
20.09.2022,8,205,IronWolf
20.09.2022,10,265,IronWolf
20.09.2022,12,280,IronWolf
20.09.2022,16,,IronWolf
20.09.2022,4,99.80,Red Plus
20.09.2022,6,155,Red Plus
20.09.2022,8,219,Red Plus
20.09.2022,10,258,Red Plus
20.09.2022,12,294,Red Plus
20.09.2022,14,369,Red Plus
21.09.2022,4,93,IronWolf
21.09.2022,6,158,IronWolf
21.09.2022,8,206,IronWolf
21.09.2022,10,265,IronWolf
21.09.2022,12,282,IronWolf
21.09.2022,16,,IronWolf
21.09.2022,4,99.80,Red Plus
21.09.2022,6,155,Red Plus
21.09.2022,8,219,Red Plus
21.09.2022,10,258,Red Plus
21.09.2022,12,294,Red Plus
21.09.2022,14,369,Red Plus
22.09.2022,4,93,IronWolf
22.09.2022,6,158,IronWolf
22.09.2022,8,200,IronWolf
22.09.2022,10,265,IronWolf
22.09.2022,12,282,IronWolf
22.09.2022,16,,IronWolf
22.09.2022,4,99.80,Red Plus
22.09.2022,6,155,Red Plus
22.09.2022,8,219,Red Plus
22.09.2022,10,258,Red Plus
22.09.2022,12,294,Red Plus
22.09.2022,14,369,Red Plus
23.09.2022,4,93,IronWolf
23.09.2022,6,158,IronWolf
23.09.2022,8,200,IronWolf
23.09.2022,10,265,IronWolf
23.09.2022,12,289,IronWolf
23.09.2022,16,,IronWolf
23.09.2022,4,99.80,Red Plus
23.09.2022,6,155,Red Plus
23.09.2022,8,219,Red Plus
23.09.2022,10,258,Red Plus
23.09.2022,12,294,Red Plus
23.09.2022,14,369,Red Plus
24.09.2022,4,93,IronWolf
24.09.2022,6,161,IronWolf
24.09.2022,8,200,IronWolf
24.09.2022,10,265,IronWolf
24.09.2022,12,289,IronWolf
24.09.2022,16,,IronWolf
24.09.2022,4,99.80,Red Plus
24.09.2022,6,155,Red Plus
24.09.2022,8,219,Red Plus
24.09.2022,10,258,Red Plus
24.09.2022,12,294,Red Plus
24.09.2022,14,369,Red Plus
25.09.2022,4,93,IronWolf
25.09.2022,6,161,IronWolf
25.09.2022,8,199,IronWolf
25.09.2022,10,265,IronWolf
25.09.2022,12,279,IronWolf
25.09.2022,16,,IronWolf
25.09.2022,4,99.80,Red Plus
25.09.2022,6,155,Red Plus
25.09.2022,8,219,Red Plus
25.09.2022,10,258,Red Plus
25.09.2022,12,294,Red Plus
25.09.2022,14,369,Red Plus
26.09.2022,4,93,IronWolf
26.09.2022,6,161,IronWolf
26.09.2022,8,199,IronWolf
26.09.2022,10,278,IronWolf
26.09.2022,12,279,IronWolf
26.09.2022,16,,IronWolf
26.09.2022,4,88,Red Plus
26.09.2022,6,139,Red Plus
26.09.2022,8,185,Red Plus
26.09.2022,10,229,Red Plus
26.09.2022,12,294,Red Plus
26.09.2022,14,322,Red Plus
27.09.2022,4,93,IronWolf
27.09.2022,6,158,IronWolf
27.09.2022,8,204,IronWolf
27.09.2022,10,278,IronWolf
27.09.2022,12,279,IronWolf
27.09.2022,16,,IronWolf
27.09.2022,4,88,Red Plus
27.09.2022,6,139,Red Plus
27.09.2022,8,219,Red Plus
27.09.2022,10,229,Red Plus
27.09.2022,12,294,Red Plus
27.09.2022,14,322,Red Plus
28.09.2022,4,93,IronWolf
28.09.2022,6,158,IronWolf
28.09.2022,8,202,IronWolf
28.09.2022,10,279,IronWolf
28.09.2022,12,279,IronWolf
28.09.2022,16,,IronWolf
28.09.2022,4,88,Red Plus
28.09.2022,6,139,Red Plus
28.09.2022,8,219,Red Plus
28.09.2022,10,258,Red Plus
28.09.2022,12,294,Red Plus
28.09.2022,14,322,Red Plus
29.09.2022,4,93,IronWolf
29.09.2022,6,158,IronWolf
29.09.2022,8,202,IronWolf
29.09.2022,10,265,IronWolf
29.09.2022,12,278,IronWolf
29.09.2022,16,,IronWolf
29.09.2022,4,88,Red Plus
29.09.2022,6,139,Red Plus
29.09.2022,8,219,Red Plus
29.09.2022,10,258,Red Plus
29.09.2022,12,294,Red Plus
29.09.2022,14,369,Red Plus
30.09.2022,4,99,IronWolf
30.09.2022,6,158,IronWolf
30.09.2022,8,200,IronWolf
30.09.2022,10,265,IronWolf
30.09.2022,12,276,IronWolf
30.09.2022,16,,IronWolf
30.09.2022,4,99.80,Red Plus
30.09.2022,6,155,Red Plus
30.09.2022,8,219,Red Plus
30.09.2022,10,258,Red Plus
30.09.2022,12,294,Red Plus
30.09.2022,14,369,Red Plus
01.10.2022,4,99,IronWolf
01.10.2022,6,161,IronWolf
01.10.2022,8,200,IronWolf
01.10.2022,10,265,IronWolf
01.10.2022,12,279,IronWolf
01.10.2022,16,,IronWolf
01.10.2022,4,99.80,Red Plus
01.10.2022,6,155,Red Plus
01.10.2022,8,219,Red Plus
01.10.2022,10,258,Red Plus
01.10.2022,12,294,Red Plus
01.10.2022,14,369,Red Plus
02.10.2022,4,99,IronWolf
02.10.2022,6,161,IronWolf
02.10.2022,8,203,IronWolf
02.10.2022,10,269,IronWolf
02.10.2022,12,279,IronWolf
02.10.2022,16,,IronWolf
02.10.2022,4,99.80,Red Plus
02.10.2022,6,155,Red Plus
02.10.2022,8,219,Red Plus
02.10.2022,10,258,Red Plus
02.10.2022,12,294,Red Plus
02.10.2022,14,369,Red Plus
03.10.2022,4,99,IronWolf
03.10.2022,6,161,IronWolf
03.10.2022,8,203,IronWolf
03.10.2022,10,269,IronWolf
03.10.2022,12,279,IronWolf
03.10.2022,16,,IronWolf
03.10.2022,4,99.80,Red Plus
03.10.2022,6,155,Red Plus
03.10.2022,8,219,Red Plus
03.10.2022,10,258,Red Plus
03.10.2022,12,294,Red Plus
03.10.2022,14,369,Red Plus
04.10.2022,4,99,IronWolf
04.10.2022,6,148,IronWolf
04.10.2022,8,203,IronWolf
04.10.2022,10,269,IronWolf
04.10.2022,12,279,IronWolf
04.10.2022,16,,IronWolf
04.10.2022,4,99.80,Red Plus
04.10.2022,6,155,Red Plus
04.10.2022,8,219,Red Plus
04.10.2022,10,258,Red Plus
04.10.2022,12,294,Red Plus
04.10.2022,14,369,Red Plus
05.10.2022,4,99,IronWolf
05.10.2022,6,149,IronWolf
05.10.2022,8,204,IronWolf
05.10.2022,10,265,IronWolf
05.10.2022,12,279,IronWolf
05.10.2022,16,,IronWolf
05.10.2022,4,99.80,Red Plus
05.10.2022,6,155,Red Plus
05.10.2022,8,219,Red Plus
05.10.2022,10,258,Red Plus
05.10.2022,12,294,Red Plus
05.10.2022,14,369,Red Plus
06.10.2022,4,99,IronWolf
06.10.2022,6,153,IronWolf
06.10.2022,8,204,IronWolf
06.10.2022,10,265,IronWolf
06.10.2022,12,287,IronWolf
06.10.2022,16,,IronWolf
06.10.2022,4,99.80,Red Plus
06.10.2022,6,155,Red Plus
06.10.2022,8,219,Red Plus
06.10.2022,10,258,Red Plus
06.10.2022,12,294,Red Plus
06.10.2022,14,369,Red Plus
07.10.2022,4,99,IronWolf
07.10.2022,6,153,IronWolf
07.10.2022,8,204,IronWolf
07.10.2022,10,273,IronWolf
07.10.2022,12,287,IronWolf
07.10.2022,16,,IronWolf
07.10.2022,4,99.80,Red Plus
07.10.2022,6,155,Red Plus
07.10.2022,8,219,Red Plus
07.10.2022,10,258,Red Plus
07.10.2022,12,294,Red Plus
07.10.2022,14,369,Red Plus
08.10.2022,4,99,IronWolf
08.10.2022,6,157,IronWolf
08.10.2022,8,204,IronWolf
08.10.2022,10,273,IronWolf
08.10.2022,12,287,IronWolf
08.10.2022,16,,IronWolf
08.10.2022,4,99.80,Red Plus
08.10.2022,6,155,Red Plus
08.10.2022,8,197,Red Plus
08.10.2022,10,270,Red Plus
08.10.2022,12,300,Red Plus
08.10.2022,14,369,Red Plus
09.10.2022,4,99,IronWolf
09.10.2022,6,161,IronWolf
09.10.2022,8,204,IronWolf
09.10.2022,10,273,IronWolf
09.10.2022,12,287,IronWolf
09.10.2022,16,,IronWolf
09.10.2022,4,99.80,Red Plus
09.10.2022,6,155,Red Plus
09.10.2022,8,206,Red Plus
09.10.2022,10,270,Red Plus
09.10.2022,12,300,Red Plus
09.10.2022,14,369,Red Plus
10.10.2022,4,99,IronWolf
10.10.2022,6,162,IronWolf
10.10.2022,8,204,IronWolf
10.10.2022,10,273,IronWolf
10.10.2022,12,289,IronWolf
10.10.2022,16,,IronWolf
10.10.2022,4,99.80,Red Plus
10.10.2022,6,155,Red Plus
10.10.2022,8,205,Red Plus
10.10.2022,10,270,Red Plus
10.10.2022,12,300,Red Plus
10.10.2022,14,369,Red Plus
11.10.2022,4,99,IronWolf
11.10.2022,6,158,IronWolf
11.10.2022,8,203,IronWolf
11.10.2022,10,273,IronWolf
11.10.2022,12,288,IronWolf
11.10.2022,16,,IronWolf
11.10.2022,4,99.80,Red Plus
11.10.2022,6,155,Red Plus
11.10.2022,8,205,Red Plus
11.10.2022,10,270,Red Plus
11.10.2022,12,300,Red Plus
11.10.2022,14,369,Red Plus
12.10.2022,4,99,IronWolf
12.10.2022,6,158,IronWolf
12.10.2022,8,203,IronWolf
12.10.2022,10,273,IronWolf
12.10.2022,12,288,IronWolf
12.10.2022,16,,IronWolf
12.10.2022,4,99.80,Red Plus
12.10.2022,6,155,Red Plus
12.10.2022,8,205,Red Plus
12.10.2022,10,269,Red Plus
12.10.2022,12,300,Red Plus
12.10.2022,14,369,Red Plus
13.10.2022,4,99,IronWolf
13.10.2022,6,162,IronWolf
13.10.2022,8,203,IronWolf
13.10.2022,10,273,IronWolf
13.10.2022,12,287,IronWolf
13.10.2022,16,,IronWolf
13.10.2022,4,99.80,Red Plus
13.10.2022,6,155,Red Plus
13.10.2022,8,209,Red Plus
13.10.2022,10,270,Red Plus
13.10.2022,12,300,Red Plus
13.10.2022,14,369,Red Plus
14.10.2022,4,109,IronWolf
14.10.2022,6,158,IronWolf
14.10.2022,8,203,IronWolf
14.10.2022,10,276,IronWolf
14.10.2022,12,286,IronWolf
14.10.2022,16,,IronWolf
14.10.2022,4,99.80,Red Plus
14.10.2022,6,155,Red Plus
14.10.2022,8,209,Red Plus
14.10.2022,10,270,Red Plus
14.10.2022,12,300,Red Plus
14.10.2022,14,369,Red Plus
15.10.2022,4,109,IronWolf
15.10.2022,6,162,IronWolf
15.10.2022,8,203,IronWolf
15.10.2022,10,276,IronWolf
15.10.2022,12,286,IronWolf
15.10.2022,16,,IronWolf
15.10.2022,4,99.80,Red Plus
15.10.2022,6,155,Red Plus
15.10.2022,8,208,Red Plus
15.10.2022,10,269,Red Plus
15.10.2022,12,300,Red Plus
15.10.2022,14,369,Red Plus
16.10.2022,4,100,IronWolf
16.10.2022,6,162,IronWolf
16.10.2022,8,203,IronWolf
16.10.2022,10,,IronWolf
16.10.2022,12,287,IronWolf
16.10.2022,16,,IronWolf
16.10.2022,4,99.80,Red Plus
16.10.2022,6,155,Red Plus
16.10.2022,8,210,Red Plus
16.10.2022,10,270,Red Plus
16.10.2022,12,300,Red Plus
16.10.2022,14,369,Red Plus
17.10.2022,4,100,IronWolf
17.10.2022,6,162,IronWolf
17.10.2022,8,203,IronWolf
17.10.2022,10,276,IronWolf
17.10.2022,12,287,IronWolf
17.10.2022,16,,IronWolf
17.10.2022,4,99.80,Red Plus
17.10.2022,6,155,Red Plus
17.10.2022,8,210,Red Plus
17.10.2022,10,270,Red Plus
17.10.2022,12,300,Red Plus
17.10.2022,14,369,Red Plus
18.10.2022,4,99.90,IronWolf
18.10.2022,6,158,IronWolf
18.10.2022,8,203,IronWolf
18.10.2022,10,284,IronWolf
18.10.2022,12,287,IronWolf
18.10.2022,16,,IronWolf
18.10.2022,4,99.80,Red Plus
18.10.2022,6,155,Red Plus
18.10.2022,8,210,Red Plus
18.10.2022,10,270,Red Plus
18.10.2022,12,300,Red Plus
18.10.2022,14,369,Red Plus
19.10.2022,4,99.90,IronWolf
19.10.2022,6,156,IronWolf
19.10.2022,8,203,IronWolf
19.10.2022,10,276,IronWolf
19.10.2022,12,279,IronWolf
19.10.2022,16,,IronWolf
19.10.2022,4,99.80,Red Plus
19.10.2022,6,155,Red Plus
19.10.2022,8,206,Red Plus
19.10.2022,10,270,Red Plus
19.10.2022,12,300,Red Plus
19.10.2022,14,369,Red Plus
20.10.2022,4,99.90,IronWolf
20.10.2022,6,159,IronWolf
20.10.2022,8,203,IronWolf
20.10.2022,10,276,IronWolf
20.10.2022,12,283,IronWolf
20.10.2022,16,,IronWolf
20.10.2022,4,99.80,Red Plus
20.10.2022,6,153,Red Plus
20.10.2022,8,206,Red Plus
20.10.2022,10,270,Red Plus
20.10.2022,12,300,Red Plus
20.10.2022,14,372,Red Plus
21.10.2022,4,108,IronWolf
21.10.2022,6,157,IronWolf
21.10.2022,8,199,IronWolf
21.10.2022,10,276,IronWolf
21.10.2022,12,283,IronWolf
21.10.2022,16,,IronWolf
21.10.2022,4,99,Red Plus
21.10.2022,6,159,Red Plus
21.10.2022,8,207,Red Plus
21.10.2022,10,270,Red Plus
21.10.2022,12,300,Red Plus
21.10.2022,14,364,Red Plus
22.10.2022,4,108,IronWolf
22.10.2022,6,157,IronWolf
22.10.2022,8,199,IronWolf
22.10.2022,10,276,IronWolf
22.10.2022,12,283,IronWolf
22.10.2022,16,,IronWolf
22.10.2022,4,99,Red Plus
22.10.2022,6,159,Red Plus
22.10.2022,8,207,Red Plus
22.10.2022,10,263,Red Plus
22.10.2022,12,300,Red Plus
22.10.2022,14,364,Red Plus
23.10.2022,4,108,IronWolf
23.10.2022,6,157,IronWolf
23.10.2022,8,199,IronWolf
23.10.2022,10,282,IronWolf
23.10.2022,12,283,IronWolf
23.10.2022,16,,IronWolf
23.10.2022,4,99,Red Plus
23.10.2022,6,153,Red Plus
23.10.2022,8,207,Red Plus
23.10.2022,10,263,Red Plus
23.10.2022,12,300,Red Plus
23.10.2022,14,364,Red Plus
24.10.2022,4,108,IronWolf
24.10.2022,6,157,IronWolf
24.10.2022,8,199,IronWolf
24.10.2022,10,282,IronWolf
24.10.2022,12,283,IronWolf
24.10.2022,16,,IronWolf
24.10.2022,4,99,Red Plus
24.10.2022,6,153,Red Plus
24.10.2022,8,207,Red Plus
24.10.2022,10,263,Red Plus
24.10.2022,12,300,Red Plus
24.10.2022,14,364,Red Plus
25.10.2022,4,108,IronWolf
25.10.2022,6,157,IronWolf
25.10.2022,8,199,IronWolf
25.10.2022,10,282,IronWolf
25.10.2022,12,283,IronWolf
25.10.2022,16,,IronWolf
25.10.2022,4,91.60,Red Plus
25.10.2022,6,153,Red Plus
25.10.2022,8,207,Red Plus
25.10.2022,10,263,Red Plus
25.10.2022,12,294,Red Plus
25.10.2022,14,364,Red Plus
26.10.2022,4,108,IronWolf
26.10.2022,6,157,IronWolf
26.10.2022,8,199,IronWolf
26.10.2022,10,282,IronWolf
26.10.2022,12,283,IronWolf
26.10.2022,16,,IronWolf
26.10.2022,4,91.40,Red Plus
26.10.2022,6,153,Red Plus
26.10.2022,8,207,Red Plus
26.10.2022,10,263,Red Plus
26.10.2022,12,300,Red Plus
26.10.2022,14,364,Red Plus
27.10.2022,4,108,IronWolf
27.10.2022,6,157,IronWolf
27.10.2022,8,199,IronWolf
27.10.2022,10,282,IronWolf
27.10.2022,12,283,IronWolf
27.10.2022,16,,IronWolf
27.10.2022,4,97,Red Plus
27.10.2022,6,153,Red Plus
27.10.2022,8,207,Red Plus
27.10.2022,10,263,Red Plus
27.10.2022,12,300,Red Plus
27.10.2022,14,372,Red Plus
28.10.2022,4,108,IronWolf
28.10.2022,6,157,IronWolf
28.10.2022,8,199,IronWolf
28.10.2022,10,282,IronWolf
28.10.2022,12,283,IronWolf
28.10.2022,16,,IronWolf
28.10.2022,4,97,Red Plus
28.10.2022,6,149,Red Plus
28.10.2022,8,207,Red Plus
28.10.2022,10,263,Red Plus
28.10.2022,12,300,Red Plus
28.10.2022,14,364,Red Plus
29.10.2022,4,108,IronWolf
29.10.2022,6,157,IronWolf
29.10.2022,8,199,IronWolf
29.10.2022,10,282,IronWolf
29.10.2022,12,283,IronWolf
29.10.2022,16,,IronWolf
29.10.2022,4,97,Red Plus
29.10.2022,6,149,Red Plus
29.10.2022,8,207,Red Plus
29.10.2022,10,263,Red Plus
29.10.2022,12,300,Red Plus
29.10.2022,14,364,Red Plus
30.10.2022,4,108,IronWolf
30.10.2022,6,157,IronWolf
30.10.2022,8,199,IronWolf
30.10.2022,10,282,IronWolf
30.10.2022,12,283,IronWolf
30.10.2022,16,,IronWolf
30.10.2022,4,97,Red Plus
30.10.2022,6,149,Red Plus
30.10.2022,8,207,Red Plus
30.10.2022,10,263,Red Plus
30.10.2022,12,300,Red Plus
30.10.2022,14,364,Red Plus
31.10.2022,4,108,IronWolf
31.10.2022,6,157,IronWolf
31.10.2022,8,199,IronWolf
31.10.2022,10,277,IronWolf
31.10.2022,12,283,IronWolf
31.10.2022,16,,IronWolf
31.10.2022,4,97,Red Plus
31.10.2022,6,147,Red Plus
31.10.2022,8,207,Red Plus
31.10.2022,10,263,Red Plus
31.10.2022,12,300,Red Plus
31.10.2022,14,372,Red Plus
01.11.2022,4,108,IronWolf
01.11.2022,6,143,IronWolf
01.11.2022,8,185,IronWolf
01.11.2022,10,282,IronWolf
01.11.2022,12,247,IronWolf
01.11.2022,16,,IronWolf
01.11.2022,4,97,Red Plus
01.11.2022,6,149,Red Plus
01.11.2022,8,207,Red Plus
01.11.2022,10,263,Red Plus
01.11.2022,12,300,Red Plus
01.11.2022,14,364,Red Plus
02.11.2022,4,108,IronWolf
02.11.2022,6,143,IronWolf
02.11.2022,8,185,IronWolf
02.11.2022,10,282,IronWolf
02.11.2022,12,247,IronWolf
02.11.2022,16,,IronWolf
02.11.2022,4,97,Red Plus
02.11.2022,6,149,Red Plus
02.11.2022,8,207,Red Plus
02.11.2022,10,263,Red Plus
02.11.2022,12,300,Red Plus
02.11.2022,14,364,Red Plus
03.11.2022,4,108,IronWolf
03.11.2022,6,143,IronWolf
03.11.2022,8,185,IronWolf
03.11.2022,10,282,IronWolf
03.11.2022,12,247,IronWolf
03.11.2022,16,,IronWolf
03.11.2022,4,97,Red Plus
03.11.2022,6,149,Red Plus
03.11.2022,8,207,Red Plus
03.11.2022,10,263,Red Plus
03.11.2022,12,300,Red Plus
03.11.2022,14,372,Red Plus
